--------------------------------------------------------
--  File created - viernes-febrero-28-2014   
--------------------------------------------------------
--------------------------------------------------------
--  DDL for Sequence SEQ_AULAS
--------------------------------------------------------

   CREATE SEQUENCE  "ADMINISTRADOR_AULAS"."SEQ_AULAS"  MINVALUE 0 MAXVALUE 9999999999999999999999999999 INCREMENT BY 1 START WITH 0 CACHE 20 NOORDER  NOCYCLE ;
--------------------------------------------------------
--  DDL for Sequence SEQ_CARRERAS
--------------------------------------------------------

   CREATE SEQUENCE  "ADMINISTRADOR_AULAS"."SEQ_CARRERAS"  MINVALUE 0 MAXVALUE 9999999999999999999999999999 INCREMENT BY 1 START WITH 0 CACHE 20 NOORDER  NOCYCLE ;
--------------------------------------------------------
--  DDL for Sequence SEQ_CICLO_ESCOLAR
--------------------------------------------------------

   CREATE SEQUENCE  "ADMINISTRADOR_AULAS"."SEQ_CICLO_ESCOLAR"  MINVALUE 0 MAXVALUE 9999999999999999999999999999 INCREMENT BY 1 START WITH 0 CACHE 20 NOORDER  NOCYCLE ;
--------------------------------------------------------
--  DDL for Sequence SEQ_ESPECIALIDADES
--------------------------------------------------------

   CREATE SEQUENCE  "ADMINISTRADOR_AULAS"."SEQ_ESPECIALIDADES"  MINVALUE 0 MAXVALUE 9999999999999999999999999999 INCREMENT BY 1 START WITH 0 CACHE 20 NOORDER  NOCYCLE ;
--------------------------------------------------------
--  DDL for Sequence SEQ_GRUPOS
--------------------------------------------------------

   CREATE SEQUENCE  "ADMINISTRADOR_AULAS"."SEQ_GRUPOS"  MINVALUE 0 MAXVALUE 9999999999999999999999999999 INCREMENT BY 1 START WITH 0 CACHE 20 NOORDER  NOCYCLE ;
--------------------------------------------------------
--  DDL for Sequence SEQ_HORARIO_AULA
--------------------------------------------------------

   CREATE SEQUENCE  "ADMINISTRADOR_AULAS"."SEQ_HORARIO_AULA"  MINVALUE 0 MAXVALUE 9999999999999999999999999999 INCREMENT BY 1 START WITH 0 CACHE 20 NOORDER  NOCYCLE ;
--------------------------------------------------------
--  DDL for Sequence SEQ_MATERIAS
--------------------------------------------------------

   CREATE SEQUENCE  "ADMINISTRADOR_AULAS"."SEQ_MATERIAS"  MINVALUE 0 MAXVALUE 9999999999999999999999999999 INCREMENT BY 1 START WITH 0 CACHE 20 NOORDER  NOCYCLE ;
--------------------------------------------------------
--  DDL for Sequence SEQ_PLANES
--------------------------------------------------------

   CREATE SEQUENCE  "ADMINISTRADOR_AULAS"."SEQ_PLANES"  MINVALUE 0 MAXVALUE 9999999999999999999999999999 INCREMENT BY 1 START WITH 0 CACHE 20 NOORDER  NOCYCLE ;
--------------------------------------------------------
--  DDL for Sequence SEQ_PROFESORES
--------------------------------------------------------

   CREATE SEQUENCE  "ADMINISTRADOR_AULAS"."SEQ_PROFESORES"  MINVALUE 0 MAXVALUE 9999999999999999999999999999 INCREMENT BY 1 START WITH 0 CACHE 20 NOORDER  NOCYCLE ;
--------------------------------------------------------
--  DDL for Sequence SEQ_USUARIOS
--------------------------------------------------------

   CREATE SEQUENCE  "ADMINISTRADOR_AULAS"."SEQ_USUARIOS"  MINVALUE 0 MAXVALUE 9999999999999999999999999999 INCREMENT BY 1 START WITH 0 CACHE 20 NOORDER  NOCYCLE ;
--------------------------------------------------------
--  DDL for Table CATALOGO_AULAS
--------------------------------------------------------

  CREATE TABLE "ADMINISTRADOR_AULAS"."CATALOGO_AULAS" 
   (	"ID_AULA" NUMBER, 
	"EDIFICIO" VARCHAR2(30 BYTE), 
	"AULA" VARCHAR2(30 BYTE), 
	"TIPO_AULA" NUMBER(1,0), 
	"CAPACIDAD_AULA" NUMBER(3,0), 
	"ID_CARRERA" NUMBER, 
	"STATUS" NUMBER(1,0) DEFAULT 1
   ) SEGMENT CREATION IMMEDIATE 
  PCTFREE 10 PCTUSED 40 INITRANS 1 MAXTRANS 255 NOCOMPRESS LOGGING
  STORAGE(INITIAL 65536 NEXT 1048576 MINEXTENTS 1 MAXEXTENTS 2147483645
  PCTINCREASE 0 FREELISTS 1 FREELIST GROUPS 1 BUFFER_POOL DEFAULT FLASH_CACHE DEFAULT CELL_FLASH_CACHE DEFAULT)
  TABLESPACE "USERS" ;
--------------------------------------------------------
--  DDL for Table CATALOGO_CARRERAS
--------------------------------------------------------

  CREATE TABLE "ADMINISTRADOR_AULAS"."CATALOGO_CARRERAS" 
   (	"ID_CARRERA" NUMBER, 
	"NOMBRE_CARRERA" VARCHAR2(50 BYTE), 
	"ID_USUARIO" NUMBER, 
	"STATUS" NUMBER(1,0) DEFAULT 1
   ) SEGMENT CREATION IMMEDIATE 
  PCTFREE 10 PCTUSED 40 INITRANS 1 MAXTRANS 255 NOCOMPRESS LOGGING
  STORAGE(INITIAL 65536 NEXT 1048576 MINEXTENTS 1 MAXEXTENTS 2147483645
  PCTINCREASE 0 FREELISTS 1 FREELIST GROUPS 1 BUFFER_POOL DEFAULT FLASH_CACHE DEFAULT CELL_FLASH_CACHE DEFAULT)
  TABLESPACE "USERS" ;
--------------------------------------------------------
--  DDL for Table CATALOGO_CICLO_ESCOLAR
--------------------------------------------------------

  CREATE TABLE "ADMINISTRADOR_AULAS"."CATALOGO_CICLO_ESCOLAR" 
   (	"ID_CICLO_ESCOLAR" NUMBER, 
	"NOMBRE_CICLO_ESCOLAR" VARCHAR2(10 BYTE), 
	"FECHA_INICIO" VARCHAR2(10 BYTE), 
	"FECHA_FIN" VARCHAR2(10 BYTE), 
	"STATUS" NUMBER(1,0)
   ) SEGMENT CREATION IMMEDIATE 
  PCTFREE 10 PCTUSED 40 INITRANS 1 MAXTRANS 255 NOCOMPRESS LOGGING
  STORAGE(INITIAL 65536 NEXT 1048576 MINEXTENTS 1 MAXEXTENTS 2147483645
  PCTINCREASE 0 FREELISTS 1 FREELIST GROUPS 1 BUFFER_POOL DEFAULT FLASH_CACHE DEFAULT CELL_FLASH_CACHE DEFAULT)
  TABLESPACE "USERS" ;
--------------------------------------------------------
--  DDL for Table CATALOGO_ESPECIALIDADES
--------------------------------------------------------

  CREATE TABLE "ADMINISTRADOR_AULAS"."CATALOGO_ESPECIALIDADES" 
   (	"ID_ESPECIALIDAD" NUMBER, 
	"NOMBRE_ESPECIALIDAD" VARCHAR2(150 BYTE), 
	"ID_CARRERA" NUMBER, 
	"STATUS" NUMBER(1,0) DEFAULT 1
   ) SEGMENT CREATION IMMEDIATE 
  PCTFREE 10 PCTUSED 40 INITRANS 1 MAXTRANS 255 NOCOMPRESS LOGGING
  STORAGE(INITIAL 65536 NEXT 1048576 MINEXTENTS 1 MAXEXTENTS 2147483645
  PCTINCREASE 0 FREELISTS 1 FREELIST GROUPS 1 BUFFER_POOL DEFAULT FLASH_CACHE DEFAULT CELL_FLASH_CACHE DEFAULT)
  TABLESPACE "USERS" ;
--------------------------------------------------------
--  DDL for Table CATALOGO_GRUPOS
--------------------------------------------------------

  CREATE TABLE "ADMINISTRADOR_AULAS"."CATALOGO_GRUPOS" 
   (	"ID_GRUPO" NUMBER, 
	"CLAVE_GRUPO" NUMBER, 
	"HORAS_PRACTICAS_RESTANTES" NUMBER(1,0), 
	"HORAS_TEORICAS_RESTANTES" NUMBER(1,0), 
	"CAPACIDAD_GRUPO" NUMBER(3,0), 
	"ID_MATERIA" NUMBER, 
	"ID_PROFESOR" NUMBER, 
	"ID_PLAN" NUMBER, 
	"ID_CICLO_ESCOLAR" NUMBER, 
	"STATUS" NUMBER(1,0) DEFAULT 1
   ) SEGMENT CREATION IMMEDIATE 
  PCTFREE 10 PCTUSED 40 INITRANS 1 MAXTRANS 255 NOCOMPRESS LOGGING
  STORAGE(INITIAL 65536 NEXT 1048576 MINEXTENTS 1 MAXEXTENTS 2147483645
  PCTINCREASE 0 FREELISTS 1 FREELIST GROUPS 1 BUFFER_POOL DEFAULT FLASH_CACHE DEFAULT CELL_FLASH_CACHE DEFAULT)
  TABLESPACE "USERS" ;
--------------------------------------------------------
--  DDL for Table CATALOGO_MATERIAS
--------------------------------------------------------

  CREATE TABLE "ADMINISTRADOR_AULAS"."CATALOGO_MATERIAS" 
   (	"ID_MATERIA" NUMBER, 
	"NOMBRE_MATERIA" VARCHAR2(100 BYTE), 
	"HORAS_PRACTICAS" NUMBER(1,0), 
	"HORAS_TEORICAS" NUMBER(1,0), 
	"BLOQUE" NUMBER(2,0), 
	"ID_ESPECIALIDAD" NUMBER, 
	"STATUS" NUMBER(1,0) DEFAULT 1
   ) SEGMENT CREATION IMMEDIATE 
  PCTFREE 10 PCTUSED 40 INITRANS 1 MAXTRANS 255 NOCOMPRESS LOGGING
  STORAGE(INITIAL 65536 NEXT 1048576 MINEXTENTS 1 MAXEXTENTS 2147483645
  PCTINCREASE 0 FREELISTS 1 FREELIST GROUPS 1 BUFFER_POOL DEFAULT FLASH_CACHE DEFAULT CELL_FLASH_CACHE DEFAULT)
  TABLESPACE "USERS" ;
--------------------------------------------------------
--  DDL for Table CATALOGO_PLANES
--------------------------------------------------------

  CREATE TABLE "ADMINISTRADOR_AULAS"."CATALOGO_PLANES" 
   (	"ID_PLAN" NUMBER, 
	"NOMBRE_PLAN" VARCHAR2(20 BYTE), 
	"STATUS" NUMBER(1,0) DEFAULT 1
   ) SEGMENT CREATION IMMEDIATE 
  PCTFREE 10 PCTUSED 40 INITRANS 1 MAXTRANS 255 NOCOMPRESS LOGGING
  STORAGE(INITIAL 65536 NEXT 1048576 MINEXTENTS 1 MAXEXTENTS 2147483645
  PCTINCREASE 0 FREELISTS 1 FREELIST GROUPS 1 BUFFER_POOL DEFAULT FLASH_CACHE DEFAULT CELL_FLASH_CACHE DEFAULT)
  TABLESPACE "USERS" ;
--------------------------------------------------------
--  DDL for Table CATALOGO_PROFESORES
--------------------------------------------------------

  CREATE TABLE "ADMINISTRADOR_AULAS"."CATALOGO_PROFESORES" 
   (	"ID_PROFESOR" NUMBER, 
	"NOMBRE_PROFESOR" VARCHAR2(50 BYTE), 
	"AP_PAT_PROFESOR" VARCHAR2(50 BYTE), 
	"AP_MAT_PROFESOR" VARCHAR2(50 BYTE), 
	"STATUS" NUMBER(1,0) DEFAULT 1
   ) SEGMENT CREATION IMMEDIATE 
  PCTFREE 10 PCTUSED 40 INITRANS 1 MAXTRANS 255 NOCOMPRESS LOGGING
  STORAGE(INITIAL 65536 NEXT 1048576 MINEXTENTS 1 MAXEXTENTS 2147483645
  PCTINCREASE 0 FREELISTS 1 FREELIST GROUPS 1 BUFFER_POOL DEFAULT FLASH_CACHE DEFAULT CELL_FLASH_CACHE DEFAULT)
  TABLESPACE "USERS" ;
--------------------------------------------------------
--  DDL for Table CATALOGO_USUARIOS
--------------------------------------------------------

  CREATE TABLE "ADMINISTRADOR_AULAS"."CATALOGO_USUARIOS" 
   (	"ID_USUARIO" NUMBER, 
	"NOMBRE" VARCHAR2(45 BYTE), 
	"AP_PAT" VARCHAR2(45 BYTE), 
	"AP_MAT" VARCHAR2(45 BYTE), 
	"NOMBRE_USUARIO" VARCHAR2(200 BYTE), 
	"PASSWORD_USUARIO" VARCHAR2(200 BYTE), 
	"TIPO" NUMBER(1,0), 
	"STATUS" NUMBER(1,0) DEFAULT 1
   ) SEGMENT CREATION IMMEDIATE 
  PCTFREE 10 PCTUSED 40 INITRANS 1 MAXTRANS 255 NOCOMPRESS LOGGING
  STORAGE(INITIAL 65536 NEXT 1048576 MINEXTENTS 1 MAXEXTENTS 2147483645
  PCTINCREASE 0 FREELISTS 1 FREELIST GROUPS 1 BUFFER_POOL DEFAULT FLASH_CACHE DEFAULT CELL_FLASH_CACHE DEFAULT)
  TABLESPACE "USERS" ;
--------------------------------------------------------
--  DDL for Table HORARIO_AULA
--------------------------------------------------------

  CREATE TABLE "ADMINISTRADOR_AULAS"."HORARIO_AULA" 
   (	"ID_HORARIO" NUMBER, 
	"ID_AULA" NUMBER, 
	"ID_GRUPO" NUMBER, 
	"DIA" VARCHAR2(10 BYTE), 
	"HORARIO" VARCHAR2(13 BYTE), 
	"TIPO_HORARIO" VARCHAR2(1 BYTE), 
	"STATUS" NUMBER(1,0) DEFAULT 1
   ) SEGMENT CREATION IMMEDIATE 
  PCTFREE 10 PCTUSED 40 INITRANS 1 MAXTRANS 255 NOCOMPRESS LOGGING
  STORAGE(INITIAL 65536 NEXT 1048576 MINEXTENTS 1 MAXEXTENTS 2147483645
  PCTINCREASE 0 FREELISTS 1 FREELIST GROUPS 1 BUFFER_POOL DEFAULT FLASH_CACHE DEFAULT CELL_FLASH_CACHE DEFAULT)
  TABLESPACE "USERS" ;
REM INSERTING into ADMINISTRADOR_AULAS.CATALOGO_AULAS
SET DEFINE OFF;
Insert into ADMINISTRADOR_AULAS.CATALOGO_AULAS (ID_AULA,EDIFICIO,AULA,TIPO_AULA,CAPACIDAD_AULA,ID_CARRERA,STATUS) values (1,'Q','1',1,38,1,1);
Insert into ADMINISTRADOR_AULAS.CATALOGO_AULAS (ID_AULA,EDIFICIO,AULA,TIPO_AULA,CAPACIDAD_AULA,ID_CARRERA,STATUS) values (2,'Q','2',1,40,1,1);
Insert into ADMINISTRADOR_AULAS.CATALOGO_AULAS (ID_AULA,EDIFICIO,AULA,TIPO_AULA,CAPACIDAD_AULA,ID_CARRERA,STATUS) values (3,'Q','3',1,40,1,1);
Insert into ADMINISTRADOR_AULAS.CATALOGO_AULAS (ID_AULA,EDIFICIO,AULA,TIPO_AULA,CAPACIDAD_AULA,ID_CARRERA,STATUS) values (4,'Q','4',1,40,1,1);
Insert into ADMINISTRADOR_AULAS.CATALOGO_AULAS (ID_AULA,EDIFICIO,AULA,TIPO_AULA,CAPACIDAD_AULA,ID_CARRERA,STATUS) values (5,'Q','5',1,40,1,1);
Insert into ADMINISTRADOR_AULAS.CATALOGO_AULAS (ID_AULA,EDIFICIO,AULA,TIPO_AULA,CAPACIDAD_AULA,ID_CARRERA,STATUS) values (6,'Q','6',1,40,1,1);
Insert into ADMINISTRADOR_AULAS.CATALOGO_AULAS (ID_AULA,EDIFICIO,AULA,TIPO_AULA,CAPACIDAD_AULA,ID_CARRERA,STATUS) values (7,'Q','7',1,40,1,1);
Insert into ADMINISTRADOR_AULAS.CATALOGO_AULAS (ID_AULA,EDIFICIO,AULA,TIPO_AULA,CAPACIDAD_AULA,ID_CARRERA,STATUS) values (8,'Q','8',1,40,1,1);
Insert into ADMINISTRADOR_AULAS.CATALOGO_AULAS (ID_AULA,EDIFICIO,AULA,TIPO_AULA,CAPACIDAD_AULA,ID_CARRERA,STATUS) values (9,'CC','A',0,60,1,1);
Insert into ADMINISTRADOR_AULAS.CATALOGO_AULAS (ID_AULA,EDIFICIO,AULA,TIPO_AULA,CAPACIDAD_AULA,ID_CARRERA,STATUS) values (10,'CC','B',0,60,1,1);
Insert into ADMINISTRADOR_AULAS.CATALOGO_AULAS (ID_AULA,EDIFICIO,AULA,TIPO_AULA,CAPACIDAD_AULA,ID_CARRERA,STATUS) values (11,'CC','C',0,60,1,1);
Insert into ADMINISTRADOR_AULAS.CATALOGO_AULAS (ID_AULA,EDIFICIO,AULA,TIPO_AULA,CAPACIDAD_AULA,ID_CARRERA,STATUS) values (12,'CC','D',0,60,1,1);
Insert into ADMINISTRADOR_AULAS.CATALOGO_AULAS (ID_AULA,EDIFICIO,AULA,TIPO_AULA,CAPACIDAD_AULA,ID_CARRERA,STATUS) values (13,'CC','E',0,60,1,1);
Insert into ADMINISTRADOR_AULAS.CATALOGO_AULAS (ID_AULA,EDIFICIO,AULA,TIPO_AULA,CAPACIDAD_AULA,ID_CARRERA,STATUS) values (14,'CC','F',0,60,1,1);
Insert into ADMINISTRADOR_AULAS.CATALOGO_AULAS (ID_AULA,EDIFICIO,AULA,TIPO_AULA,CAPACIDAD_AULA,ID_CARRERA,STATUS) values (15,'E','1',1,50,1,1);
Insert into ADMINISTRADOR_AULAS.CATALOGO_AULAS (ID_AULA,EDIFICIO,AULA,TIPO_AULA,CAPACIDAD_AULA,ID_CARRERA,STATUS) values (16,'L','M',0,60,1,1);
Insert into ADMINISTRADOR_AULAS.CATALOGO_AULAS (ID_AULA,EDIFICIO,AULA,TIPO_AULA,CAPACIDAD_AULA,ID_CARRERA,STATUS) values (17,'B','4',0,50,1,1);
Insert into ADMINISTRADOR_AULAS.CATALOGO_AULAS (ID_AULA,EDIFICIO,AULA,TIPO_AULA,CAPACIDAD_AULA,ID_CARRERA,STATUS) values (18,'L','R',0,60,1,1);
Insert into ADMINISTRADOR_AULAS.CATALOGO_AULAS (ID_AULA,EDIFICIO,AULA,TIPO_AULA,CAPACIDAD_AULA,ID_CARRERA,STATUS) values (19,'U','1',1,50,1,1);
REM INSERTING into ADMINISTRADOR_AULAS.CATALOGO_CARRERAS
SET DEFINE OFF;
Insert into ADMINISTRADOR_AULAS.CATALOGO_CARRERAS (ID_CARRERA,NOMBRE_CARRERA,ID_USUARIO,STATUS) values (1,'SISTEMAS COMPUTACIONALES',1,1);
REM INSERTING into ADMINISTRADOR_AULAS.CATALOGO_CICLO_ESCOLAR
SET DEFINE OFF;
Insert into ADMINISTRADOR_AULAS.CATALOGO_CICLO_ESCOLAR (ID_CICLO_ESCOLAR,NOMBRE_CICLO_ESCOLAR,FECHA_INICIO,FECHA_FIN,STATUS) values (2,'2013-B','20/07/2013','20/12/2013',0);
Insert into ADMINISTRADOR_AULAS.CATALOGO_CICLO_ESCOLAR (ID_CICLO_ESCOLAR,NOMBRE_CICLO_ESCOLAR,FECHA_INICIO,FECHA_FIN,STATUS) values (1,'2014-A','20/01/2014','20/06/2014',1);
REM INSERTING into ADMINISTRADOR_AULAS.CATALOGO_ESPECIALIDADES
SET DEFINE OFF;
Insert into ADMINISTRADOR_AULAS.CATALOGO_ESPECIALIDADES (ID_ESPECIALIDAD,NOMBRE_ESPECIALIDAD,ID_CARRERA,STATUS) values (1,'PLAN CARRERA',1,1);
Insert into ADMINISTRADOR_AULAS.CATALOGO_ESPECIALIDADES (ID_ESPECIALIDAD,NOMBRE_ESPECIALIDAD,ID_CARRERA,STATUS) values (2,'TECNICAS DE RECONOCIMIENTO DE PATRONES',1,1);
Insert into ADMINISTRADOR_AULAS.CATALOGO_ESPECIALIDADES (ID_ESPECIALIDAD,NOMBRE_ESPECIALIDAD,ID_CARRERA,STATUS) values (3,'TECNOLOGIAS DE INFORMACION Y COMUNICACION',1,1);
REM INSERTING into ADMINISTRADOR_AULAS.CATALOGO_GRUPOS
SET DEFINE OFF;
Insert into ADMINISTRADOR_AULAS.CATALOGO_GRUPOS (ID_GRUPO,CLAVE_GRUPO,HORAS_PRACTICAS_RESTANTES,HORAS_TEORICAS_RESTANTES,CAPACIDAD_GRUPO,ID_MATERIA,ID_PROFESOR,ID_PLAN,ID_CICLO_ESCOLAR,STATUS) values (77,184800,0,0,32,38,8,2,1,1);
Insert into ADMINISTRADOR_AULAS.CATALOGO_GRUPOS (ID_GRUPO,CLAVE_GRUPO,HORAS_PRACTICAS_RESTANTES,HORAS_TEORICAS_RESTANTES,CAPACIDAD_GRUPO,ID_MATERIA,ID_PROFESOR,ID_PLAN,ID_CICLO_ESCOLAR,STATUS) values (78,185100,0,0,28,40,21,2,1,1);
Insert into ADMINISTRADOR_AULAS.CATALOGO_GRUPOS (ID_GRUPO,CLAVE_GRUPO,HORAS_PRACTICAS_RESTANTES,HORAS_TEORICAS_RESTANTES,CAPACIDAD_GRUPO,ID_MATERIA,ID_PROFESOR,ID_PLAN,ID_CICLO_ESCOLAR,STATUS) values (79,183901,0,0,37,36,22,2,1,1);
Insert into ADMINISTRADOR_AULAS.CATALOGO_GRUPOS (ID_GRUPO,CLAVE_GRUPO,HORAS_PRACTICAS_RESTANTES,HORAS_TEORICAS_RESTANTES,CAPACIDAD_GRUPO,ID_MATERIA,ID_PROFESOR,ID_PLAN,ID_CICLO_ESCOLAR,STATUS) values (80,184201,0,0,0,37,20,2,1,1);
Insert into ADMINISTRADOR_AULAS.CATALOGO_GRUPOS (ID_GRUPO,CLAVE_GRUPO,HORAS_PRACTICAS_RESTANTES,HORAS_TEORICAS_RESTANTES,CAPACIDAD_GRUPO,ID_MATERIA,ID_PROFESOR,ID_PLAN,ID_CICLO_ESCOLAR,STATUS) values (81,185200,0,0,35,41,23,2,1,1);
Insert into ADMINISTRADOR_AULAS.CATALOGO_GRUPOS (ID_GRUPO,CLAVE_GRUPO,HORAS_PRACTICAS_RESTANTES,HORAS_TEORICAS_RESTANTES,CAPACIDAD_GRUPO,ID_MATERIA,ID_PROFESOR,ID_PLAN,ID_CICLO_ESCOLAR,STATUS) values (90,185701,0,0,30,43,31,2,1,1);
Insert into ADMINISTRADOR_AULAS.CATALOGO_GRUPOS (ID_GRUPO,CLAVE_GRUPO,HORAS_PRACTICAS_RESTANTES,HORAS_TEORICAS_RESTANTES,CAPACIDAD_GRUPO,ID_MATERIA,ID_PROFESOR,ID_PLAN,ID_CICLO_ESCOLAR,STATUS) values (91,185202,0,0,35,41,23,2,1,1);
Insert into ADMINISTRADOR_AULAS.CATALOGO_GRUPOS (ID_GRUPO,CLAVE_GRUPO,HORAS_PRACTICAS_RESTANTES,HORAS_TEORICAS_RESTANTES,CAPACIDAD_GRUPO,ID_MATERIA,ID_PROFESOR,ID_PLAN,ID_CICLO_ESCOLAR,STATUS) values (92,185302,0,0,33,44,27,2,1,1);
Insert into ADMINISTRADOR_AULAS.CATALOGO_GRUPOS (ID_GRUPO,CLAVE_GRUPO,HORAS_PRACTICAS_RESTANTES,HORAS_TEORICAS_RESTANTES,CAPACIDAD_GRUPO,ID_MATERIA,ID_PROFESOR,ID_PLAN,ID_CICLO_ESCOLAR,STATUS) values (93,185602,0,0,30,61,19,2,1,1);
Insert into ADMINISTRADOR_AULAS.CATALOGO_GRUPOS (ID_GRUPO,CLAVE_GRUPO,HORAS_PRACTICAS_RESTANTES,HORAS_TEORICAS_RESTANTES,CAPACIDAD_GRUPO,ID_MATERIA,ID_PROFESOR,ID_PLAN,ID_CICLO_ESCOLAR,STATUS) values (94,185800,0,0,30,45,23,2,1,1);
Insert into ADMINISTRADOR_AULAS.CATALOGO_GRUPOS (ID_GRUPO,CLAVE_GRUPO,HORAS_PRACTICAS_RESTANTES,HORAS_TEORICAS_RESTANTES,CAPACIDAD_GRUPO,ID_MATERIA,ID_PROFESOR,ID_PLAN,ID_CICLO_ESCOLAR,STATUS) values (95,186200,2,1,40,46,26,2,1,1);
Insert into ADMINISTRADOR_AULAS.CATALOGO_GRUPOS (ID_GRUPO,CLAVE_GRUPO,HORAS_PRACTICAS_RESTANTES,HORAS_TEORICAS_RESTANTES,CAPACIDAD_GRUPO,ID_MATERIA,ID_PROFESOR,ID_PLAN,ID_CICLO_ESCOLAR,STATUS) values (1,114700,1,1,40,1,32,1,1,1);
Insert into ADMINISTRADOR_AULAS.CATALOGO_GRUPOS (ID_GRUPO,CLAVE_GRUPO,HORAS_PRACTICAS_RESTANTES,HORAS_TEORICAS_RESTANTES,CAPACIDAD_GRUPO,ID_MATERIA,ID_PROFESOR,ID_PLAN,ID_CICLO_ESCOLAR,STATUS) values (2,114900,3,2,40,2,19,1,1,1);
Insert into ADMINISTRADOR_AULAS.CATALOGO_GRUPOS (ID_GRUPO,CLAVE_GRUPO,HORAS_PRACTICAS_RESTANTES,HORAS_TEORICAS_RESTANTES,CAPACIDAD_GRUPO,ID_MATERIA,ID_PROFESOR,ID_PLAN,ID_CICLO_ESCOLAR,STATUS) values (3,114400,3,2,40,3,33,1,1,1);
Insert into ADMINISTRADOR_AULAS.CATALOGO_GRUPOS (ID_GRUPO,CLAVE_GRUPO,HORAS_PRACTICAS_RESTANTES,HORAS_TEORICAS_RESTANTES,CAPACIDAD_GRUPO,ID_MATERIA,ID_PROFESOR,ID_PLAN,ID_CICLO_ESCOLAR,STATUS) values (4,115200,3,2,40,4,34,1,1,1);
Insert into ADMINISTRADOR_AULAS.CATALOGO_GRUPOS (ID_GRUPO,CLAVE_GRUPO,HORAS_PRACTICAS_RESTANTES,HORAS_TEORICAS_RESTANTES,CAPACIDAD_GRUPO,ID_MATERIA,ID_PROFESOR,ID_PLAN,ID_CICLO_ESCOLAR,STATUS) values (5,114200,3,2,40,5,33,1,1,1);
Insert into ADMINISTRADOR_AULAS.CATALOGO_GRUPOS (ID_GRUPO,CLAVE_GRUPO,HORAS_PRACTICAS_RESTANTES,HORAS_TEORICAS_RESTANTES,CAPACIDAD_GRUPO,ID_MATERIA,ID_PROFESOR,ID_PLAN,ID_CICLO_ESCOLAR,STATUS) values (6,115400,0,0,40,6,29,1,1,1);
Insert into ADMINISTRADOR_AULAS.CATALOGO_GRUPOS (ID_GRUPO,CLAVE_GRUPO,HORAS_PRACTICAS_RESTANTES,HORAS_TEORICAS_RESTANTES,CAPACIDAD_GRUPO,ID_MATERIA,ID_PROFESOR,ID_PLAN,ID_CICLO_ESCOLAR,STATUS) values (7,114201,3,2,40,5,33,1,1,1);
Insert into ADMINISTRADOR_AULAS.CATALOGO_GRUPOS (ID_GRUPO,CLAVE_GRUPO,HORAS_PRACTICAS_RESTANTES,HORAS_TEORICAS_RESTANTES,CAPACIDAD_GRUPO,ID_MATERIA,ID_PROFESOR,ID_PLAN,ID_CICLO_ESCOLAR,STATUS) values (8,115402,0,0,40,6,19,1,1,1);
Insert into ADMINISTRADOR_AULAS.CATALOGO_GRUPOS (ID_GRUPO,CLAVE_GRUPO,HORAS_PRACTICAS_RESTANTES,HORAS_TEORICAS_RESTANTES,CAPACIDAD_GRUPO,ID_MATERIA,ID_PROFESOR,ID_PLAN,ID_CICLO_ESCOLAR,STATUS) values (9,156300,3,2,40,7,25,1,1,1);
Insert into ADMINISTRADOR_AULAS.CATALOGO_GRUPOS (ID_GRUPO,CLAVE_GRUPO,HORAS_PRACTICAS_RESTANTES,HORAS_TEORICAS_RESTANTES,CAPACIDAD_GRUPO,ID_MATERIA,ID_PROFESOR,ID_PLAN,ID_CICLO_ESCOLAR,STATUS) values (10,156900,3,2,25,8,8,1,1,1);
Insert into ADMINISTRADOR_AULAS.CATALOGO_GRUPOS (ID_GRUPO,CLAVE_GRUPO,HORAS_PRACTICAS_RESTANTES,HORAS_TEORICAS_RESTANTES,CAPACIDAD_GRUPO,ID_MATERIA,ID_PROFESOR,ID_PLAN,ID_CICLO_ESCOLAR,STATUS) values (11,156700,3,2,40,9,13,1,1,1);
Insert into ADMINISTRADOR_AULAS.CATALOGO_GRUPOS (ID_GRUPO,CLAVE_GRUPO,HORAS_PRACTICAS_RESTANTES,HORAS_TEORICAS_RESTANTES,CAPACIDAD_GRUPO,ID_MATERIA,ID_PROFESOR,ID_PLAN,ID_CICLO_ESCOLAR,STATUS) values (12,157000,3,2,40,10,28,1,1,1);
Insert into ADMINISTRADOR_AULAS.CATALOGO_GRUPOS (ID_GRUPO,CLAVE_GRUPO,HORAS_PRACTICAS_RESTANTES,HORAS_TEORICAS_RESTANTES,CAPACIDAD_GRUPO,ID_MATERIA,ID_PROFESOR,ID_PLAN,ID_CICLO_ESCOLAR,STATUS) values (13,156800,3,2,40,11,35,1,1,1);
Insert into ADMINISTRADOR_AULAS.CATALOGO_GRUPOS (ID_GRUPO,CLAVE_GRUPO,HORAS_PRACTICAS_RESTANTES,HORAS_TEORICAS_RESTANTES,CAPACIDAD_GRUPO,ID_MATERIA,ID_PROFESOR,ID_PLAN,ID_CICLO_ESCOLAR,STATUS) values (14,153100,3,2,40,12,52,2,1,1);
Insert into ADMINISTRADOR_AULAS.CATALOGO_GRUPOS (ID_GRUPO,CLAVE_GRUPO,HORAS_PRACTICAS_RESTANTES,HORAS_TEORICAS_RESTANTES,CAPACIDAD_GRUPO,ID_MATERIA,ID_PROFESOR,ID_PLAN,ID_CICLO_ESCOLAR,STATUS) values (15,153400,2,1,38,13,15,2,1,1);
Insert into ADMINISTRADOR_AULAS.CATALOGO_GRUPOS (ID_GRUPO,CLAVE_GRUPO,HORAS_PRACTICAS_RESTANTES,HORAS_TEORICAS_RESTANTES,CAPACIDAD_GRUPO,ID_MATERIA,ID_PROFESOR,ID_PLAN,ID_CICLO_ESCOLAR,STATUS) values (16,153500,3,2,40,14,36,2,1,1);
Insert into ADMINISTRADOR_AULAS.CATALOGO_GRUPOS (ID_GRUPO,CLAVE_GRUPO,HORAS_PRACTICAS_RESTANTES,HORAS_TEORICAS_RESTANTES,CAPACIDAD_GRUPO,ID_MATERIA,ID_PROFESOR,ID_PLAN,ID_CICLO_ESCOLAR,STATUS) values (17,153200,3,1,40,15,37,2,1,1);
Insert into ADMINISTRADOR_AULAS.CATALOGO_GRUPOS (ID_GRUPO,CLAVE_GRUPO,HORAS_PRACTICAS_RESTANTES,HORAS_TEORICAS_RESTANTES,CAPACIDAD_GRUPO,ID_MATERIA,ID_PROFESOR,ID_PLAN,ID_CICLO_ESCOLAR,STATUS) values (18,157700,3,2,40,16,38,2,1,1);
Insert into ADMINISTRADOR_AULAS.CATALOGO_GRUPOS (ID_GRUPO,CLAVE_GRUPO,HORAS_PRACTICAS_RESTANTES,HORAS_TEORICAS_RESTANTES,CAPACIDAD_GRUPO,ID_MATERIA,ID_PROFESOR,ID_PLAN,ID_CICLO_ESCOLAR,STATUS) values (19,153300,3,2,100,17,39,2,1,1);
Insert into ADMINISTRADOR_AULAS.CATALOGO_GRUPOS (ID_GRUPO,CLAVE_GRUPO,HORAS_PRACTICAS_RESTANTES,HORAS_TEORICAS_RESTANTES,CAPACIDAD_GRUPO,ID_MATERIA,ID_PROFESOR,ID_PLAN,ID_CICLO_ESCOLAR,STATUS) values (20,153101,3,2,40,12,40,2,1,1);
Insert into ADMINISTRADOR_AULAS.CATALOGO_GRUPOS (ID_GRUPO,CLAVE_GRUPO,HORAS_PRACTICAS_RESTANTES,HORAS_TEORICAS_RESTANTES,CAPACIDAD_GRUPO,ID_MATERIA,ID_PROFESOR,ID_PLAN,ID_CICLO_ESCOLAR,STATUS) values (21,153401,1,2,38,13,15,2,1,1);
Insert into ADMINISTRADOR_AULAS.CATALOGO_GRUPOS (ID_GRUPO,CLAVE_GRUPO,HORAS_PRACTICAS_RESTANTES,HORAS_TEORICAS_RESTANTES,CAPACIDAD_GRUPO,ID_MATERIA,ID_PROFESOR,ID_PLAN,ID_CICLO_ESCOLAR,STATUS) values (22,157701,3,2,25,16,41,2,1,1);
Insert into ADMINISTRADOR_AULAS.CATALOGO_GRUPOS (ID_GRUPO,CLAVE_GRUPO,HORAS_PRACTICAS_RESTANTES,HORAS_TEORICAS_RESTANTES,CAPACIDAD_GRUPO,ID_MATERIA,ID_PROFESOR,ID_PLAN,ID_CICLO_ESCOLAR,STATUS) values (23,153102,3,2,28,12,42,2,1,1);
Insert into ADMINISTRADOR_AULAS.CATALOGO_GRUPOS (ID_GRUPO,CLAVE_GRUPO,HORAS_PRACTICAS_RESTANTES,HORAS_TEORICAS_RESTANTES,CAPACIDAD_GRUPO,ID_MATERIA,ID_PROFESOR,ID_PLAN,ID_CICLO_ESCOLAR,STATUS) values (24,159600,2,0,40,18,52,2,1,1);
Insert into ADMINISTRADOR_AULAS.CATALOGO_GRUPOS (ID_GRUPO,CLAVE_GRUPO,HORAS_PRACTICAS_RESTANTES,HORAS_TEORICAS_RESTANTES,CAPACIDAD_GRUPO,ID_MATERIA,ID_PROFESOR,ID_PLAN,ID_CICLO_ESCOLAR,STATUS) values (25,159700,0,2,40,22,37,2,1,1);
Insert into ADMINISTRADOR_AULAS.CATALOGO_GRUPOS (ID_GRUPO,CLAVE_GRUPO,HORAS_PRACTICAS_RESTANTES,HORAS_TEORICAS_RESTANTES,CAPACIDAD_GRUPO,ID_MATERIA,ID_PROFESOR,ID_PLAN,ID_CICLO_ESCOLAR,STATUS) values (26,184000,3,1,40,23,6,2,1,1);
Insert into ADMINISTRADOR_AULAS.CATALOGO_GRUPOS (ID_GRUPO,CLAVE_GRUPO,HORAS_PRACTICAS_RESTANTES,HORAS_TEORICAS_RESTANTES,CAPACIDAD_GRUPO,ID_MATERIA,ID_PROFESOR,ID_PLAN,ID_CICLO_ESCOLAR,STATUS) values (27,160100,0,1,36,24,52,2,1,1);
Insert into ADMINISTRADOR_AULAS.CATALOGO_GRUPOS (ID_GRUPO,CLAVE_GRUPO,HORAS_PRACTICAS_RESTANTES,HORAS_TEORICAS_RESTANTES,CAPACIDAD_GRUPO,ID_MATERIA,ID_PROFESOR,ID_PLAN,ID_CICLO_ESCOLAR,STATUS) values (28,159900,2,0,40,25,43,2,1,1);
Insert into ADMINISTRADOR_AULAS.CATALOGO_GRUPOS (ID_GRUPO,CLAVE_GRUPO,HORAS_PRACTICAS_RESTANTES,HORAS_TEORICAS_RESTANTES,CAPACIDAD_GRUPO,ID_MATERIA,ID_PROFESOR,ID_PLAN,ID_CICLO_ESCOLAR,STATUS) values (29,159800,1,0,39,26,2,2,1,1);
Insert into ADMINISTRADOR_AULAS.CATALOGO_GRUPOS (ID_GRUPO,CLAVE_GRUPO,HORAS_PRACTICAS_RESTANTES,HORAS_TEORICAS_RESTANTES,CAPACIDAD_GRUPO,ID_MATERIA,ID_PROFESOR,ID_PLAN,ID_CICLO_ESCOLAR,STATUS) values (30,159601,3,1,40,18,18,2,1,1);
Insert into ADMINISTRADOR_AULAS.CATALOGO_GRUPOS (ID_GRUPO,CLAVE_GRUPO,HORAS_PRACTICAS_RESTANTES,HORAS_TEORICAS_RESTANTES,CAPACIDAD_GRUPO,ID_MATERIA,ID_PROFESOR,ID_PLAN,ID_CICLO_ESCOLAR,STATUS) values (31,184001,3,2,40,23,44,2,1,1);
Insert into ADMINISTRADOR_AULAS.CATALOGO_GRUPOS (ID_GRUPO,CLAVE_GRUPO,HORAS_PRACTICAS_RESTANTES,HORAS_TEORICAS_RESTANTES,CAPACIDAD_GRUPO,ID_MATERIA,ID_PROFESOR,ID_PLAN,ID_CICLO_ESCOLAR,STATUS) values (32,160101,3,2,36,24,45,2,1,1);
Insert into ADMINISTRADOR_AULAS.CATALOGO_GRUPOS (ID_GRUPO,CLAVE_GRUPO,HORAS_PRACTICAS_RESTANTES,HORAS_TEORICAS_RESTANTES,CAPACIDAD_GRUPO,ID_MATERIA,ID_PROFESOR,ID_PLAN,ID_CICLO_ESCOLAR,STATUS) values (33,159901,3,1,38,25,46,2,1,1);
Insert into ADMINISTRADOR_AULAS.CATALOGO_GRUPOS (ID_GRUPO,CLAVE_GRUPO,HORAS_PRACTICAS_RESTANTES,HORAS_TEORICAS_RESTANTES,CAPACIDAD_GRUPO,ID_MATERIA,ID_PROFESOR,ID_PLAN,ID_CICLO_ESCOLAR,STATUS) values (34,159801,3,1,39,26,52,2,1,1);
Insert into ADMINISTRADOR_AULAS.CATALOGO_GRUPOS (ID_GRUPO,CLAVE_GRUPO,HORAS_PRACTICAS_RESTANTES,HORAS_TEORICAS_RESTANTES,CAPACIDAD_GRUPO,ID_MATERIA,ID_PROFESOR,ID_PLAN,ID_CICLO_ESCOLAR,STATUS) values (35,159701,0,2,40,22,37,2,1,1);
Insert into ADMINISTRADOR_AULAS.CATALOGO_GRUPOS (ID_GRUPO,CLAVE_GRUPO,HORAS_PRACTICAS_RESTANTES,HORAS_TEORICAS_RESTANTES,CAPACIDAD_GRUPO,ID_MATERIA,ID_PROFESOR,ID_PLAN,ID_CICLO_ESCOLAR,STATUS) values (36,159602,3,2,40,18,1,2,1,1);
Insert into ADMINISTRADOR_AULAS.CATALOGO_GRUPOS (ID_GRUPO,CLAVE_GRUPO,HORAS_PRACTICAS_RESTANTES,HORAS_TEORICAS_RESTANTES,CAPACIDAD_GRUPO,ID_MATERIA,ID_PROFESOR,ID_PLAN,ID_CICLO_ESCOLAR,STATUS) values (37,159702,3,2,40,22,47,2,1,1);
Insert into ADMINISTRADOR_AULAS.CATALOGO_GRUPOS (ID_GRUPO,CLAVE_GRUPO,HORAS_PRACTICAS_RESTANTES,HORAS_TEORICAS_RESTANTES,CAPACIDAD_GRUPO,ID_MATERIA,ID_PROFESOR,ID_PLAN,ID_CICLO_ESCOLAR,STATUS) values (38,184002,3,2,40,23,44,2,1,1);
Insert into ADMINISTRADOR_AULAS.CATALOGO_GRUPOS (ID_GRUPO,CLAVE_GRUPO,HORAS_PRACTICAS_RESTANTES,HORAS_TEORICAS_RESTANTES,CAPACIDAD_GRUPO,ID_MATERIA,ID_PROFESOR,ID_PLAN,ID_CICLO_ESCOLAR,STATUS) values (39,160102,3,2,36,24,5,2,1,1);
Insert into ADMINISTRADOR_AULAS.CATALOGO_GRUPOS (ID_GRUPO,CLAVE_GRUPO,HORAS_PRACTICAS_RESTANTES,HORAS_TEORICAS_RESTANTES,CAPACIDAD_GRUPO,ID_MATERIA,ID_PROFESOR,ID_PLAN,ID_CICLO_ESCOLAR,STATUS) values (40,159902,3,2,38,25,3,2,1,1);
Insert into ADMINISTRADOR_AULAS.CATALOGO_GRUPOS (ID_GRUPO,CLAVE_GRUPO,HORAS_PRACTICAS_RESTANTES,HORAS_TEORICAS_RESTANTES,CAPACIDAD_GRUPO,ID_MATERIA,ID_PROFESOR,ID_PLAN,ID_CICLO_ESCOLAR,STATUS) values (41,159802,2,1,39,26,52,2,1,1);
Insert into ADMINISTRADOR_AULAS.CATALOGO_GRUPOS (ID_GRUPO,CLAVE_GRUPO,HORAS_PRACTICAS_RESTANTES,HORAS_TEORICAS_RESTANTES,CAPACIDAD_GRUPO,ID_MATERIA,ID_PROFESOR,ID_PLAN,ID_CICLO_ESCOLAR,STATUS) values (42,159603,3,2,40,18,1,2,1,1);
Insert into ADMINISTRADOR_AULAS.CATALOGO_GRUPOS (ID_GRUPO,CLAVE_GRUPO,HORAS_PRACTICAS_RESTANTES,HORAS_TEORICAS_RESTANTES,CAPACIDAD_GRUPO,ID_MATERIA,ID_PROFESOR,ID_PLAN,ID_CICLO_ESCOLAR,STATUS) values (43,159803,3,2,39,26,2,2,1,1);
Insert into ADMINISTRADOR_AULAS.CATALOGO_GRUPOS (ID_GRUPO,CLAVE_GRUPO,HORAS_PRACTICAS_RESTANTES,HORAS_TEORICAS_RESTANTES,CAPACIDAD_GRUPO,ID_MATERIA,ID_PROFESOR,ID_PLAN,ID_CICLO_ESCOLAR,STATUS) values (44,159903,3,2,38,25,3,2,1,1);
Insert into ADMINISTRADOR_AULAS.CATALOGO_GRUPOS (ID_GRUPO,CLAVE_GRUPO,HORAS_PRACTICAS_RESTANTES,HORAS_TEORICAS_RESTANTES,CAPACIDAD_GRUPO,ID_MATERIA,ID_PROFESOR,ID_PLAN,ID_CICLO_ESCOLAR,STATUS) values (45,159703,3,2,40,22,4,2,1,1);
Insert into ADMINISTRADOR_AULAS.CATALOGO_GRUPOS (ID_GRUPO,CLAVE_GRUPO,HORAS_PRACTICAS_RESTANTES,HORAS_TEORICAS_RESTANTES,CAPACIDAD_GRUPO,ID_MATERIA,ID_PROFESOR,ID_PLAN,ID_CICLO_ESCOLAR,STATUS) values (46,160103,3,2,36,24,5,2,1,1);
Insert into ADMINISTRADOR_AULAS.CATALOGO_GRUPOS (ID_GRUPO,CLAVE_GRUPO,HORAS_PRACTICAS_RESTANTES,HORAS_TEORICAS_RESTANTES,CAPACIDAD_GRUPO,ID_MATERIA,ID_PROFESOR,ID_PLAN,ID_CICLO_ESCOLAR,STATUS) values (47,184003,3,2,40,23,6,2,1,1);
Insert into ADMINISTRADOR_AULAS.CATALOGO_GRUPOS (ID_GRUPO,CLAVE_GRUPO,HORAS_PRACTICAS_RESTANTES,HORAS_TEORICAS_RESTANTES,CAPACIDAD_GRUPO,ID_MATERIA,ID_PROFESOR,ID_PLAN,ID_CICLO_ESCOLAR,STATUS) values (48,160000,3,2,31,20,52,2,1,1);
Insert into ADMINISTRADOR_AULAS.CATALOGO_GRUPOS (ID_GRUPO,CLAVE_GRUPO,HORAS_PRACTICAS_RESTANTES,HORAS_TEORICAS_RESTANTES,CAPACIDAD_GRUPO,ID_MATERIA,ID_PROFESOR,ID_PLAN,ID_CICLO_ESCOLAR,STATUS) values (49,183500,3,2,30,19,52,2,1,1);
Insert into ADMINISTRADOR_AULAS.CATALOGO_GRUPOS (ID_GRUPO,CLAVE_GRUPO,HORAS_PRACTICAS_RESTANTES,HORAS_TEORICAS_RESTANTES,CAPACIDAD_GRUPO,ID_MATERIA,ID_PROFESOR,ID_PLAN,ID_CICLO_ESCOLAR,STATUS) values (50,153600,2,0,40,27,7,2,1,1);
Insert into ADMINISTRADOR_AULAS.CATALOGO_GRUPOS (ID_GRUPO,CLAVE_GRUPO,HORAS_PRACTICAS_RESTANTES,HORAS_TEORICAS_RESTANTES,CAPACIDAD_GRUPO,ID_MATERIA,ID_PROFESOR,ID_PLAN,ID_CICLO_ESCOLAR,STATUS) values (51,184400,1,0,40,28,8,2,1,1);
Insert into ADMINISTRADOR_AULAS.CATALOGO_GRUPOS (ID_GRUPO,CLAVE_GRUPO,HORAS_PRACTICAS_RESTANTES,HORAS_TEORICAS_RESTANTES,CAPACIDAD_GRUPO,ID_MATERIA,ID_PROFESOR,ID_PLAN,ID_CICLO_ESCOLAR,STATUS) values (52,160001,3,1,31,20,52,2,1,1);
Insert into ADMINISTRADOR_AULAS.CATALOGO_GRUPOS (ID_GRUPO,CLAVE_GRUPO,HORAS_PRACTICAS_RESTANTES,HORAS_TEORICAS_RESTANTES,CAPACIDAD_GRUPO,ID_MATERIA,ID_PROFESOR,ID_PLAN,ID_CICLO_ESCOLAR,STATUS) values (53,183501,3,2,30,19,9,2,1,1);
Insert into ADMINISTRADOR_AULAS.CATALOGO_GRUPOS (ID_GRUPO,CLAVE_GRUPO,HORAS_PRACTICAS_RESTANTES,HORAS_TEORICAS_RESTANTES,CAPACIDAD_GRUPO,ID_MATERIA,ID_PROFESOR,ID_PLAN,ID_CICLO_ESCOLAR,STATUS) values (54,183600,2,1,34,29,10,2,1,1);
Insert into ADMINISTRADOR_AULAS.CATALOGO_GRUPOS (ID_GRUPO,CLAVE_GRUPO,HORAS_PRACTICAS_RESTANTES,HORAS_TEORICAS_RESTANTES,CAPACIDAD_GRUPO,ID_MATERIA,ID_PROFESOR,ID_PLAN,ID_CICLO_ESCOLAR,STATUS) values (55,183700,0,0,39,30,12,2,1,1);
Insert into ADMINISTRADOR_AULAS.CATALOGO_GRUPOS (ID_GRUPO,CLAVE_GRUPO,HORAS_PRACTICAS_RESTANTES,HORAS_TEORICAS_RESTANTES,CAPACIDAD_GRUPO,ID_MATERIA,ID_PROFESOR,ID_PLAN,ID_CICLO_ESCOLAR,STATUS) values (56,153601,3,1,40,27,7,2,1,1);
Insert into ADMINISTRADOR_AULAS.CATALOGO_GRUPOS (ID_GRUPO,CLAVE_GRUPO,HORAS_PRACTICAS_RESTANTES,HORAS_TEORICAS_RESTANTES,CAPACIDAD_GRUPO,ID_MATERIA,ID_PROFESOR,ID_PLAN,ID_CICLO_ESCOLAR,STATUS) values (57,183502,3,2,30,19,11,2,1,1);
Insert into ADMINISTRADOR_AULAS.CATALOGO_GRUPOS (ID_GRUPO,CLAVE_GRUPO,HORAS_PRACTICAS_RESTANTES,HORAS_TEORICAS_RESTANTES,CAPACIDAD_GRUPO,ID_MATERIA,ID_PROFESOR,ID_PLAN,ID_CICLO_ESCOLAR,STATUS) values (58,183601,3,2,34,29,10,2,1,1);
Insert into ADMINISTRADOR_AULAS.CATALOGO_GRUPOS (ID_GRUPO,CLAVE_GRUPO,HORAS_PRACTICAS_RESTANTES,HORAS_TEORICAS_RESTANTES,CAPACIDAD_GRUPO,ID_MATERIA,ID_PROFESOR,ID_PLAN,ID_CICLO_ESCOLAR,STATUS) values (59,183800,0,1,35,31,52,2,1,1);
Insert into ADMINISTRADOR_AULAS.CATALOGO_GRUPOS (ID_GRUPO,CLAVE_GRUPO,HORAS_PRACTICAS_RESTANTES,HORAS_TEORICAS_RESTANTES,CAPACIDAD_GRUPO,ID_MATERIA,ID_PROFESOR,ID_PLAN,ID_CICLO_ESCOLAR,STATUS) values (60,184300,2,0,38,32,13,2,1,1);
Insert into ADMINISTRADOR_AULAS.CATALOGO_GRUPOS (ID_GRUPO,CLAVE_GRUPO,HORAS_PRACTICAS_RESTANTES,HORAS_TEORICAS_RESTANTES,CAPACIDAD_GRUPO,ID_MATERIA,ID_PROFESOR,ID_PLAN,ID_CICLO_ESCOLAR,STATUS) values (61,184100,2,1,30,21,52,2,1,1);
Insert into ADMINISTRADOR_AULAS.CATALOGO_GRUPOS (ID_GRUPO,CLAVE_GRUPO,HORAS_PRACTICAS_RESTANTES,HORAS_TEORICAS_RESTANTES,CAPACIDAD_GRUPO,ID_MATERIA,ID_PROFESOR,ID_PLAN,ID_CICLO_ESCOLAR,STATUS) values (62,184600,3,0,39,59,14,2,1,1);
Insert into ADMINISTRADOR_AULAS.CATALOGO_GRUPOS (ID_GRUPO,CLAVE_GRUPO,HORAS_PRACTICAS_RESTANTES,HORAS_TEORICAS_RESTANTES,CAPACIDAD_GRUPO,ID_MATERIA,ID_PROFESOR,ID_PLAN,ID_CICLO_ESCOLAR,STATUS) values (63,186300,3,0,40,34,15,2,1,1);
Insert into ADMINISTRADOR_AULAS.CATALOGO_GRUPOS (ID_GRUPO,CLAVE_GRUPO,HORAS_PRACTICAS_RESTANTES,HORAS_TEORICAS_RESTANTES,CAPACIDAD_GRUPO,ID_MATERIA,ID_PROFESOR,ID_PLAN,ID_CICLO_ESCOLAR,STATUS) values (64,183801,3,2,35,31,16,2,1,1);
Insert into ADMINISTRADOR_AULAS.CATALOGO_GRUPOS (ID_GRUPO,CLAVE_GRUPO,HORAS_PRACTICAS_RESTANTES,HORAS_TEORICAS_RESTANTES,CAPACIDAD_GRUPO,ID_MATERIA,ID_PROFESOR,ID_PLAN,ID_CICLO_ESCOLAR,STATUS) values (65,184301,3,2,0,32,13,2,1,1);
Insert into ADMINISTRADOR_AULAS.CATALOGO_GRUPOS (ID_GRUPO,CLAVE_GRUPO,HORAS_PRACTICAS_RESTANTES,HORAS_TEORICAS_RESTANTES,CAPACIDAD_GRUPO,ID_MATERIA,ID_PROFESOR,ID_PLAN,ID_CICLO_ESCOLAR,STATUS) values (66,184601,3,2,39,59,14,2,1,1);
Insert into ADMINISTRADOR_AULAS.CATALOGO_GRUPOS (ID_GRUPO,CLAVE_GRUPO,HORAS_PRACTICAS_RESTANTES,HORAS_TEORICAS_RESTANTES,CAPACIDAD_GRUPO,ID_MATERIA,ID_PROFESOR,ID_PLAN,ID_CICLO_ESCOLAR,STATUS) values (67,186301,3,2,40,34,15,2,1,1);
Insert into ADMINISTRADOR_AULAS.CATALOGO_GRUPOS (ID_GRUPO,CLAVE_GRUPO,HORAS_PRACTICAS_RESTANTES,HORAS_TEORICAS_RESTANTES,CAPACIDAD_GRUPO,ID_MATERIA,ID_PROFESOR,ID_PLAN,ID_CICLO_ESCOLAR,STATUS) values (68,184501,3,1,37,35,17,2,1,1);
Insert into ADMINISTRADOR_AULAS.CATALOGO_GRUPOS (ID_GRUPO,CLAVE_GRUPO,HORAS_PRACTICAS_RESTANTES,HORAS_TEORICAS_RESTANTES,CAPACIDAD_GRUPO,ID_MATERIA,ID_PROFESOR,ID_PLAN,ID_CICLO_ESCOLAR,STATUS) values (69,184101,3,2,30,21,18,2,1,1);
Insert into ADMINISTRADOR_AULAS.CATALOGO_GRUPOS (ID_GRUPO,CLAVE_GRUPO,HORAS_PRACTICAS_RESTANTES,HORAS_TEORICAS_RESTANTES,CAPACIDAD_GRUPO,ID_MATERIA,ID_PROFESOR,ID_PLAN,ID_CICLO_ESCOLAR,STATUS) values (70,183802,3,2,35,31,16,2,1,1);
Insert into ADMINISTRADOR_AULAS.CATALOGO_GRUPOS (ID_GRUPO,CLAVE_GRUPO,HORAS_PRACTICAS_RESTANTES,HORAS_TEORICAS_RESTANTES,CAPACIDAD_GRUPO,ID_MATERIA,ID_PROFESOR,ID_PLAN,ID_CICLO_ESCOLAR,STATUS) values (71,184502,3,2,37,35,17,2,1,1);
Insert into ADMINISTRADOR_AULAS.CATALOGO_GRUPOS (ID_GRUPO,CLAVE_GRUPO,HORAS_PRACTICAS_RESTANTES,HORAS_TEORICAS_RESTANTES,CAPACIDAD_GRUPO,ID_MATERIA,ID_PROFESOR,ID_PLAN,ID_CICLO_ESCOLAR,STATUS) values (72,184302,3,2,38,32,13,2,1,1);
Insert into ADMINISTRADOR_AULAS.CATALOGO_GRUPOS (ID_GRUPO,CLAVE_GRUPO,HORAS_PRACTICAS_RESTANTES,HORAS_TEORICAS_RESTANTES,CAPACIDAD_GRUPO,ID_MATERIA,ID_PROFESOR,ID_PLAN,ID_CICLO_ESCOLAR,STATUS) values (73,184102,3,2,30,21,52,2,1,1);
Insert into ADMINISTRADOR_AULAS.CATALOGO_GRUPOS (ID_GRUPO,CLAVE_GRUPO,HORAS_PRACTICAS_RESTANTES,HORAS_TEORICAS_RESTANTES,CAPACIDAD_GRUPO,ID_MATERIA,ID_PROFESOR,ID_PLAN,ID_CICLO_ESCOLAR,STATUS) values (74,183900,0,1,37,36,19,2,1,1);
Insert into ADMINISTRADOR_AULAS.CATALOGO_GRUPOS (ID_GRUPO,CLAVE_GRUPO,HORAS_PRACTICAS_RESTANTES,HORAS_TEORICAS_RESTANTES,CAPACIDAD_GRUPO,ID_MATERIA,ID_PROFESOR,ID_PLAN,ID_CICLO_ESCOLAR,STATUS) values (75,184200,1,0,31,37,20,2,1,1);
Insert into ADMINISTRADOR_AULAS.CATALOGO_GRUPOS (ID_GRUPO,CLAVE_GRUPO,HORAS_PRACTICAS_RESTANTES,HORAS_TEORICAS_RESTANTES,CAPACIDAD_GRUPO,ID_MATERIA,ID_PROFESOR,ID_PLAN,ID_CICLO_ESCOLAR,STATUS) values (76,184700,0,2,0,39,53,2,1,1);
Insert into ADMINISTRADOR_AULAS.CATALOGO_GRUPOS (ID_GRUPO,CLAVE_GRUPO,HORAS_PRACTICAS_RESTANTES,HORAS_TEORICAS_RESTANTES,CAPACIDAD_GRUPO,ID_MATERIA,ID_PROFESOR,ID_PLAN,ID_CICLO_ESCOLAR,STATUS) values (82,185400,3,1,30,60,24,2,1,1);
Insert into ADMINISTRADOR_AULAS.CATALOGO_GRUPOS (ID_GRUPO,CLAVE_GRUPO,HORAS_PRACTICAS_RESTANTES,HORAS_TEORICAS_RESTANTES,CAPACIDAD_GRUPO,ID_MATERIA,ID_PROFESOR,ID_PLAN,ID_CICLO_ESCOLAR,STATUS) values (83,186700,2,2,32,42,25,2,1,1);
Insert into ADMINISTRADOR_AULAS.CATALOGO_GRUPOS (ID_GRUPO,CLAVE_GRUPO,HORAS_PRACTICAS_RESTANTES,HORAS_TEORICAS_RESTANTES,CAPACIDAD_GRUPO,ID_MATERIA,ID_PROFESOR,ID_PLAN,ID_CICLO_ESCOLAR,STATUS) values (84,185700,2,0,30,43,26,2,1,1);
Insert into ADMINISTRADOR_AULAS.CATALOGO_GRUPOS (ID_GRUPO,CLAVE_GRUPO,HORAS_PRACTICAS_RESTANTES,HORAS_TEORICAS_RESTANTES,CAPACIDAD_GRUPO,ID_MATERIA,ID_PROFESOR,ID_PLAN,ID_CICLO_ESCOLAR,STATUS) values (85,185300,0,0,33,44,27,2,1,1);
Insert into ADMINISTRADOR_AULAS.CATALOGO_GRUPOS (ID_GRUPO,CLAVE_GRUPO,HORAS_PRACTICAS_RESTANTES,HORAS_TEORICAS_RESTANTES,CAPACIDAD_GRUPO,ID_MATERIA,ID_PROFESOR,ID_PLAN,ID_CICLO_ESCOLAR,STATUS) values (86,185301,0,0,33,44,4,2,1,1);
Insert into ADMINISTRADOR_AULAS.CATALOGO_GRUPOS (ID_GRUPO,CLAVE_GRUPO,HORAS_PRACTICAS_RESTANTES,HORAS_TEORICAS_RESTANTES,CAPACIDAD_GRUPO,ID_MATERIA,ID_PROFESOR,ID_PLAN,ID_CICLO_ESCOLAR,STATUS) values (87,185401,4,1,35,60,28,2,1,1);
Insert into ADMINISTRADOR_AULAS.CATALOGO_GRUPOS (ID_GRUPO,CLAVE_GRUPO,HORAS_PRACTICAS_RESTANTES,HORAS_TEORICAS_RESTANTES,CAPACIDAD_GRUPO,ID_MATERIA,ID_PROFESOR,ID_PLAN,ID_CICLO_ESCOLAR,STATUS) values (88,185601,3,0,30,61,29,2,1,1);
Insert into ADMINISTRADOR_AULAS.CATALOGO_GRUPOS (ID_GRUPO,CLAVE_GRUPO,HORAS_PRACTICAS_RESTANTES,HORAS_TEORICAS_RESTANTES,CAPACIDAD_GRUPO,ID_MATERIA,ID_PROFESOR,ID_PLAN,ID_CICLO_ESCOLAR,STATUS) values (89,186701,3,2,32,42,30,2,1,1);
Insert into ADMINISTRADOR_AULAS.CATALOGO_GRUPOS (ID_GRUPO,CLAVE_GRUPO,HORAS_PRACTICAS_RESTANTES,HORAS_TEORICAS_RESTANTES,CAPACIDAD_GRUPO,ID_MATERIA,ID_PROFESOR,ID_PLAN,ID_CICLO_ESCOLAR,STATUS) values (96,113800,3,2,35,20,1,2,1,1);
Insert into ADMINISTRADOR_AULAS.CATALOGO_GRUPOS (ID_GRUPO,CLAVE_GRUPO,HORAS_PRACTICAS_RESTANTES,HORAS_TEORICAS_RESTANTES,CAPACIDAD_GRUPO,ID_MATERIA,ID_PROFESOR,ID_PLAN,ID_CICLO_ESCOLAR,STATUS) values (97,11,2,2,20,22,1,1,1,1);
Insert into ADMINISTRADOR_AULAS.CATALOGO_GRUPOS (ID_GRUPO,CLAVE_GRUPO,HORAS_PRACTICAS_RESTANTES,HORAS_TEORICAS_RESTANTES,CAPACIDAD_GRUPO,ID_MATERIA,ID_PROFESOR,ID_PLAN,ID_CICLO_ESCOLAR,STATUS) values (98,90,3,2,35,22,1,1,1,1);
REM INSERTING into ADMINISTRADOR_AULAS.CATALOGO_MATERIAS
SET DEFINE OFF;
Insert into ADMINISTRADOR_AULAS.CATALOGO_MATERIAS (ID_MATERIA,NOMBRE_MATERIA,HORAS_PRACTICAS,HORAS_TEORICAS,BLOQUE,ID_ESPECIALIDAD,STATUS) values (1,'SISTEMAS OPERATIVOS',3,2,3,1,1);
Insert into ADMINISTRADOR_AULAS.CATALOGO_MATERIAS (ID_MATERIA,NOMBRE_MATERIA,HORAS_PRACTICAS,HORAS_TEORICAS,BLOQUE,ID_ESPECIALIDAD,STATUS) values (2,'PLANIFICACION Y MODELADO',3,2,6,3,1);
Insert into ADMINISTRADOR_AULAS.CATALOGO_MATERIAS (ID_MATERIA,NOMBRE_MATERIA,HORAS_PRACTICAS,HORAS_TEORICAS,BLOQUE,ID_ESPECIALIDAD,STATUS) values (3,'TALLER DE INVESTIGACION II',3,2,7,1,1);
Insert into ADMINISTRADOR_AULAS.CATALOGO_MATERIAS (ID_MATERIA,NOMBRE_MATERIA,HORAS_PRACTICAS,HORAS_TEORICAS,BLOQUE,ID_ESPECIALIDAD,STATUS) values (4,'FORMULACION DE EVALUACION DE PROYECTOS DE INVERSION',3,2,5,1,1);
Insert into ADMINISTRADOR_AULAS.CATALOGO_MATERIAS (ID_MATERIA,NOMBRE_MATERIA,HORAS_PRACTICAS,HORAS_TEORICAS,BLOQUE,ID_ESPECIALIDAD,STATUS) values (5,'SIMULACION',3,2,9,1,1);
Insert into ADMINISTRADOR_AULAS.CATALOGO_MATERIAS (ID_MATERIA,NOMBRE_MATERIA,HORAS_PRACTICAS,HORAS_TEORICAS,BLOQUE,ID_ESPECIALIDAD,STATUS) values (6,'DESARROLLO DE PROYECTOS DE SOFTWARE',3,2,8,3,1);
Insert into ADMINISTRADOR_AULAS.CATALOGO_MATERIAS (ID_MATERIA,NOMBRE_MATERIA,HORAS_PRACTICAS,HORAS_TEORICAS,BLOQUE,ID_ESPECIALIDAD,STATUS) values (7,'HERRAMIENTAS PARA LA TOMA DE DECISIONES III',3,2,4,2,1);
Insert into ADMINISTRADOR_AULAS.CATALOGO_MATERIAS (ID_MATERIA,NOMBRE_MATERIA,HORAS_PRACTICAS,HORAS_TEORICAS,BLOQUE,ID_ESPECIALIDAD,STATUS) values (8,'TECNOLOGIA DE BASE DE DATOS I',3,2,5,3,1);
Insert into ADMINISTRADOR_AULAS.CATALOGO_MATERIAS (ID_MATERIA,NOMBRE_MATERIA,HORAS_PRACTICAS,HORAS_TEORICAS,BLOQUE,ID_ESPECIALIDAD,STATUS) values (9,'TOPICOS DE INGENIERIA DE SOFTWARE ',3,2,8,3,1);
Insert into ADMINISTRADOR_AULAS.CATALOGO_MATERIAS (ID_MATERIA,NOMBRE_MATERIA,HORAS_PRACTICAS,HORAS_TEORICAS,BLOQUE,ID_ESPECIALIDAD,STATUS) values (10,'TECNOLOGIAS DE BASE DE DATOS II',3,2,2,3,1);
Insert into ADMINISTRADOR_AULAS.CATALOGO_MATERIAS (ID_MATERIA,NOMBRE_MATERIA,HORAS_PRACTICAS,HORAS_TEORICAS,BLOQUE,ID_ESPECIALIDAD,STATUS) values (11,'TECNOLOGIAS DE DESARROLLO WEB',3,2,1,3,1);
Insert into ADMINISTRADOR_AULAS.CATALOGO_MATERIAS (ID_MATERIA,NOMBRE_MATERIA,HORAS_PRACTICAS,HORAS_TEORICAS,BLOQUE,ID_ESPECIALIDAD,STATUS) values (12,'CALCULO DIFERENCIAL',3,2,5,1,1);
Insert into ADMINISTRADOR_AULAS.CATALOGO_MATERIAS (ID_MATERIA,NOMBRE_MATERIA,HORAS_PRACTICAS,HORAS_TEORICAS,BLOQUE,ID_ESPECIALIDAD,STATUS) values (13,'MATEMATICAS DISCRETAS',3,2,2,1,1);
Insert into ADMINISTRADOR_AULAS.CATALOGO_MATERIAS (ID_MATERIA,NOMBRE_MATERIA,HORAS_PRACTICAS,HORAS_TEORICAS,BLOQUE,ID_ESPECIALIDAD,STATUS) values (14,'TALLER DE ADMINISTRACION',3,2,9,3,1);
Insert into ADMINISTRADOR_AULAS.CATALOGO_MATERIAS (ID_MATERIA,NOMBRE_MATERIA,HORAS_PRACTICAS,HORAS_TEORICAS,BLOQUE,ID_ESPECIALIDAD,STATUS) values (15,'FUNDAMENTOS DE PROGRAMACION',3,2,7,1,1);
Insert into ADMINISTRADOR_AULAS.CATALOGO_MATERIAS (ID_MATERIA,NOMBRE_MATERIA,HORAS_PRACTICAS,HORAS_TEORICAS,BLOQUE,ID_ESPECIALIDAD,STATUS) values (16,'QUIMICA',3,2,7,1,1);
Insert into ADMINISTRADOR_AULAS.CATALOGO_MATERIAS (ID_MATERIA,NOMBRE_MATERIA,HORAS_PRACTICAS,HORAS_TEORICAS,BLOQUE,ID_ESPECIALIDAD,STATUS) values (17,'TALLER DE ETICA',3,2,4,1,1);
Insert into ADMINISTRADOR_AULAS.CATALOGO_MATERIAS (ID_MATERIA,NOMBRE_MATERIA,HORAS_PRACTICAS,HORAS_TEORICAS,BLOQUE,ID_ESPECIALIDAD,STATUS) values (18,'CALCULO INTEGRAL',3,2,3,1,1);
Insert into ADMINISTRADOR_AULAS.CATALOGO_MATERIAS (ID_MATERIA,NOMBRE_MATERIA,HORAS_PRACTICAS,HORAS_TEORICAS,BLOQUE,ID_ESPECIALIDAD,STATUS) values (19,'CALCULO VECTORIAL',3,2,3,1,1);
Insert into ADMINISTRADOR_AULAS.CATALOGO_MATERIAS (ID_MATERIA,NOMBRE_MATERIA,HORAS_PRACTICAS,HORAS_TEORICAS,BLOQUE,ID_ESPECIALIDAD,STATUS) values (20,'ALGEBRA LINEAL',3,2,1,1,1);
Insert into ADMINISTRADOR_AULAS.CATALOGO_MATERIAS (ID_MATERIA,NOMBRE_MATERIA,HORAS_PRACTICAS,HORAS_TEORICAS,BLOQUE,ID_ESPECIALIDAD,STATUS) values (21,'ECUACIONES DIFERENCIALES ',3,2,3,1,1);
Insert into ADMINISTRADOR_AULAS.CATALOGO_MATERIAS (ID_MATERIA,NOMBRE_MATERIA,HORAS_PRACTICAS,HORAS_TEORICAS,BLOQUE,ID_ESPECIALIDAD,STATUS) values (22,'PROGRAMACION ORIENTADA A OBJETOS',3,2,7,1,1);
Insert into ADMINISTRADOR_AULAS.CATALOGO_MATERIAS (ID_MATERIA,NOMBRE_MATERIA,HORAS_PRACTICAS,HORAS_TEORICAS,BLOQUE,ID_ESPECIALIDAD,STATUS) values (23,'FISICA GENERAL',3,2,3,1,1);
Insert into ADMINISTRADOR_AULAS.CATALOGO_MATERIAS (ID_MATERIA,NOMBRE_MATERIA,HORAS_PRACTICAS,HORAS_TEORICAS,BLOQUE,ID_ESPECIALIDAD,STATUS) values (24,'PROBABILIDAD Y ESTADISTICA',3,2,5,1,1);
Insert into ADMINISTRADOR_AULAS.CATALOGO_MATERIAS (ID_MATERIA,NOMBRE_MATERIA,HORAS_PRACTICAS,HORAS_TEORICAS,BLOQUE,ID_ESPECIALIDAD,STATUS) values (25,'DESARROLLO SUSTENTABLE',3,2,6,1,1);
Insert into ADMINISTRADOR_AULAS.CATALOGO_MATERIAS (ID_MATERIA,NOMBRE_MATERIA,HORAS_PRACTICAS,HORAS_TEORICAS,BLOQUE,ID_ESPECIALIDAD,STATUS) values (26,'CONTABILIDAD FINANCIERA',3,2,6,1,1);
Insert into ADMINISTRADOR_AULAS.CATALOGO_MATERIAS (ID_MATERIA,NOMBRE_MATERIA,HORAS_PRACTICAS,HORAS_TEORICAS,BLOQUE,ID_ESPECIALIDAD,STATUS) values (27,'FUNDAMENTOS DE INVESTIGACION',3,2,3,1,1);
Insert into ADMINISTRADOR_AULAS.CATALOGO_MATERIAS (ID_MATERIA,NOMBRE_MATERIA,HORAS_PRACTICAS,HORAS_TEORICAS,BLOQUE,ID_ESPECIALIDAD,STATUS) values (28,'FUNDAMENTOS DE BASES DE DATOS',3,2,5,1,1);
Insert into ADMINISTRADOR_AULAS.CATALOGO_MATERIAS (ID_MATERIA,NOMBRE_MATERIA,HORAS_PRACTICAS,HORAS_TEORICAS,BLOQUE,ID_ESPECIALIDAD,STATUS) values (29,'ESTRUCTURAS DE DATOS',3,2,6,1,1);
Insert into ADMINISTRADOR_AULAS.CATALOGO_MATERIAS (ID_MATERIA,NOMBRE_MATERIA,HORAS_PRACTICAS,HORAS_TEORICAS,BLOQUE,ID_ESPECIALIDAD,STATUS) values (30,'CULTURA EMPRESARIAL',3,2,8,1,1);
Insert into ADMINISTRADOR_AULAS.CATALOGO_MATERIAS (ID_MATERIA,NOMBRE_MATERIA,HORAS_PRACTICAS,HORAS_TEORICAS,BLOQUE,ID_ESPECIALIDAD,STATUS) values (31,'INVESTIGACION DE OPERACIONES',3,2,6,1,1);
Insert into ADMINISTRADOR_AULAS.CATALOGO_MATERIAS (ID_MATERIA,NOMBRE_MATERIA,HORAS_PRACTICAS,HORAS_TEORICAS,BLOQUE,ID_ESPECIALIDAD,STATUS) values (32,'TOPICOS AVANZADOS DE PROGRAMACION',3,2,7,1,1);
Insert into ADMINISTRADOR_AULAS.CATALOGO_MATERIAS (ID_MATERIA,NOMBRE_MATERIA,HORAS_PRACTICAS,HORAS_TEORICAS,BLOQUE,ID_ESPECIALIDAD,STATUS) values (34,'PROGRAMACION LOGICA Y FUNCIONAL',3,2,8,1,1);
Insert into ADMINISTRADOR_AULAS.CATALOGO_MATERIAS (ID_MATERIA,NOMBRE_MATERIA,HORAS_PRACTICAS,HORAS_TEORICAS,BLOQUE,ID_ESPECIALIDAD,STATUS) values (35,'GRAFICACION ',3,2,3,1,1);
Insert into ADMINISTRADOR_AULAS.CATALOGO_MATERIAS (ID_MATERIA,NOMBRE_MATERIA,HORAS_PRACTICAS,HORAS_TEORICAS,BLOQUE,ID_ESPECIALIDAD,STATUS) values (36,'FUNDAMENTOS DE INGENIERIA DE SOFTWARE',3,2,6,1,1);
Insert into ADMINISTRADOR_AULAS.CATALOGO_MATERIAS (ID_MATERIA,NOMBRE_MATERIA,HORAS_PRACTICAS,HORAS_TEORICAS,BLOQUE,ID_ESPECIALIDAD,STATUS) values (37,'METODOS NUMERICOS',3,2,4,1,1);
Insert into ADMINISTRADOR_AULAS.CATALOGO_MATERIAS (ID_MATERIA,NOMBRE_MATERIA,HORAS_PRACTICAS,HORAS_TEORICAS,BLOQUE,ID_ESPECIALIDAD,STATUS) values (38,'TALLER DE BASES DE DATOS',4,0,7,1,1);
Insert into ADMINISTRADOR_AULAS.CATALOGO_MATERIAS (ID_MATERIA,NOMBRE_MATERIA,HORAS_PRACTICAS,HORAS_TEORICAS,BLOQUE,ID_ESPECIALIDAD,STATUS) values (39,'FUNDAMENTOS DE TELECOMUNICACIONES',3,2,5,1,1);
Insert into ADMINISTRADOR_AULAS.CATALOGO_MATERIAS (ID_MATERIA,NOMBRE_MATERIA,HORAS_PRACTICAS,HORAS_TEORICAS,BLOQUE,ID_ESPECIALIDAD,STATUS) values (40,'ARQUITECTURA DE COMPUTADORAS',3,2,8,1,1);
Insert into ADMINISTRADOR_AULAS.CATALOGO_MATERIAS (ID_MATERIA,NOMBRE_MATERIA,HORAS_PRACTICAS,HORAS_TEORICAS,BLOQUE,ID_ESPECIALIDAD,STATUS) values (41,'LENGUAJES Y AUTOMATAS I',3,2,5,1,1);
Insert into ADMINISTRADOR_AULAS.CATALOGO_MATERIAS (ID_MATERIA,NOMBRE_MATERIA,HORAS_PRACTICAS,HORAS_TEORICAS,BLOQUE,ID_ESPECIALIDAD,STATUS) values (42,'INTELIGENCIA ARTIFICAL',3,2,9,1,1);
Insert into ADMINISTRADOR_AULAS.CATALOGO_MATERIAS (ID_MATERIA,NOMBRE_MATERIA,HORAS_PRACTICAS,HORAS_TEORICAS,BLOQUE,ID_ESPECIALIDAD,STATUS) values (43,'LENGUAJE DE INTERFACES',3,2,8,1,1);
Insert into ADMINISTRADOR_AULAS.CATALOGO_MATERIAS (ID_MATERIA,NOMBRE_MATERIA,HORAS_PRACTICAS,HORAS_TEORICAS,BLOQUE,ID_ESPECIALIDAD,STATUS) values (44,'REDES DE COMPUTADORAS',3,2,7,1,1);
Insert into ADMINISTRADOR_AULAS.CATALOGO_MATERIAS (ID_MATERIA,NOMBRE_MATERIA,HORAS_PRACTICAS,HORAS_TEORICAS,BLOQUE,ID_ESPECIALIDAD,STATUS) values (45,'LENGUAJES Y AUTOMATAS II',3,2,6,1,1);
Insert into ADMINISTRADOR_AULAS.CATALOGO_MATERIAS (ID_MATERIA,NOMBRE_MATERIA,HORAS_PRACTICAS,HORAS_TEORICAS,BLOQUE,ID_ESPECIALIDAD,STATUS) values (46,'SISTEMAS PROGRAMABLES',3,2,5,1,1);
Insert into ADMINISTRADOR_AULAS.CATALOGO_MATERIAS (ID_MATERIA,NOMBRE_MATERIA,HORAS_PRACTICAS,HORAS_TEORICAS,BLOQUE,ID_ESPECIALIDAD,STATUS) values (47,'GESTION DE PROYECTOS DE SOFTWARE',3,2,9,1,1);
Insert into ADMINISTRADOR_AULAS.CATALOGO_MATERIAS (ID_MATERIA,NOMBRE_MATERIA,HORAS_PRACTICAS,HORAS_TEORICAS,BLOQUE,ID_ESPECIALIDAD,STATUS) values (48,'CONMUTACION Y ENRUTAMIENTO DE DATOS',3,2,6,1,1);
Insert into ADMINISTRADOR_AULAS.CATALOGO_MATERIAS (ID_MATERIA,NOMBRE_MATERIA,HORAS_PRACTICAS,HORAS_TEORICAS,BLOQUE,ID_ESPECIALIDAD,STATUS) values (49,'PROGRAMACION WEB',2,3,5,1,1);
Insert into ADMINISTRADOR_AULAS.CATALOGO_MATERIAS (ID_MATERIA,NOMBRE_MATERIA,HORAS_PRACTICAS,HORAS_TEORICAS,BLOQUE,ID_ESPECIALIDAD,STATUS) values (50,'ARQUITECTURA DE REDES',3,2,8,1,1);
Insert into ADMINISTRADOR_AULAS.CATALOGO_MATERIAS (ID_MATERIA,NOMBRE_MATERIA,HORAS_PRACTICAS,HORAS_TEORICAS,BLOQUE,ID_ESPECIALIDAD,STATUS) values (51,'MATEMATICAS PARA COMPUTADORA',3,2,6,1,1);
Insert into ADMINISTRADOR_AULAS.CATALOGO_MATERIAS (ID_MATERIA,NOMBRE_MATERIA,HORAS_PRACTICAS,HORAS_TEORICAS,BLOQUE,ID_ESPECIALIDAD,STATUS) values (52,'TALLER DE INVESTIGACION I',3,2,6,1,1);
Insert into ADMINISTRADOR_AULAS.CATALOGO_MATERIAS (ID_MATERIA,NOMBRE_MATERIA,HORAS_PRACTICAS,HORAS_TEORICAS,BLOQUE,ID_ESPECIALIDAD,STATUS) values (53,'TEORIA DE LA COMPUTACION',3,2,5,1,1);
Insert into ADMINISTRADOR_AULAS.CATALOGO_MATERIAS (ID_MATERIA,NOMBRE_MATERIA,HORAS_PRACTICAS,HORAS_TEORICAS,BLOQUE,ID_ESPECIALIDAD,STATUS) values (54,'CIRCUITOS ELECTRICOS Y ELECTRONICOS',3,2,1,1,1);
Insert into ADMINISTRADOR_AULAS.CATALOGO_MATERIAS (ID_MATERIA,NOMBRE_MATERIA,HORAS_PRACTICAS,HORAS_TEORICAS,BLOQUE,ID_ESPECIALIDAD,STATUS) values (55,'PROGRAMACION DE SISTEMAS',3,2,9,1,1);
Insert into ADMINISTRADOR_AULAS.CATALOGO_MATERIAS (ID_MATERIA,NOMBRE_MATERIA,HORAS_PRACTICAS,HORAS_TEORICAS,BLOQUE,ID_ESPECIALIDAD,STATUS) values (56,'LENGUAJE ENSAMBLADOR',3,2,8,1,1);
Insert into ADMINISTRADOR_AULAS.CATALOGO_MATERIAS (ID_MATERIA,NOMBRE_MATERIA,HORAS_PRACTICAS,HORAS_TEORICAS,BLOQUE,ID_ESPECIALIDAD,STATUS) values (57,'HERRAMIENTAS PARA LA TOMA DE DECISIONES I',3,2,6,1,1);
Insert into ADMINISTRADOR_AULAS.CATALOGO_MATERIAS (ID_MATERIA,NOMBRE_MATERIA,HORAS_PRACTICAS,HORAS_TEORICAS,BLOQUE,ID_ESPECIALIDAD,STATUS) values (58,'HERRAMIENTAS PARA LA TOMA DE DECISIONES II',4,3,8,1,1);
Insert into ADMINISTRADOR_AULAS.CATALOGO_MATERIAS (ID_MATERIA,NOMBRE_MATERIA,HORAS_PRACTICAS,HORAS_TEORICAS,BLOQUE,ID_ESPECIALIDAD,STATUS) values (59,'PRINCIPIOS ELECTRICOS Y APLICACIONES DIGITALES',3,2,4,1,1);
Insert into ADMINISTRADOR_AULAS.CATALOGO_MATERIAS (ID_MATERIA,NOMBRE_MATERIA,HORAS_PRACTICAS,HORAS_TEORICAS,BLOQUE,ID_ESPECIALIDAD,STATUS) values (60,'ADMINISTRACION DE BASE DE DATOS',4,1,6,1,1);
Insert into ADMINISTRADOR_AULAS.CATALOGO_MATERIAS (ID_MATERIA,NOMBRE_MATERIA,HORAS_PRACTICAS,HORAS_TEORICAS,BLOQUE,ID_ESPECIALIDAD,STATUS) values (61,'INGENIERIA DE SOFTWARE',3,2,6,1,1);
REM INSERTING into ADMINISTRADOR_AULAS.CATALOGO_PLANES
SET DEFINE OFF;
Insert into ADMINISTRADOR_AULAS.CATALOGO_PLANES (ID_PLAN,NOMBRE_PLAN,STATUS) values (1,'ISIC-2004-296',1);
Insert into ADMINISTRADOR_AULAS.CATALOGO_PLANES (ID_PLAN,NOMBRE_PLAN,STATUS) values (2,'ISIC-2010-224',1);
Insert into ADMINISTRADOR_AULAS.CATALOGO_PLANES (ID_PLAN,NOMBRE_PLAN,STATUS) values (4,'dfsdf',0);
Insert into ADMINISTRADOR_AULAS.CATALOGO_PLANES (ID_PLAN,NOMBRE_PLAN,STATUS) values (3,'sgdfgsdfbsdfb',1);
Insert into ADMINISTRADOR_AULAS.CATALOGO_PLANES (ID_PLAN,NOMBRE_PLAN,STATUS) values (5,'nullsdbdsfbdfsb',1);
REM INSERTING into ADMINISTRADOR_AULAS.CATALOGO_PROFESORES
SET DEFINE OFF;
Insert into ADMINISTRADOR_AULAS.CATALOGO_PROFESORES (ID_PROFESOR,NOMBRE_PROFESOR,AP_PAT_PROFESOR,AP_MAT_PROFESOR,STATUS) values (52,'PENDIENTE','PENDIENTE','PENDIENTE',1);
Insert into ADMINISTRADOR_AULAS.CATALOGO_PROFESORES (ID_PROFESOR,NOMBRE_PROFESOR,AP_PAT_PROFESOR,AP_MAT_PROFESOR,STATUS) values (1,'SALVADOR','HORTA','GONZALEZ',1);
Insert into ADMINISTRADOR_AULAS.CATALOGO_PROFESORES (ID_PROFESOR,NOMBRE_PROFESOR,AP_PAT_PROFESOR,AP_MAT_PROFESOR,STATUS) values (2,'DORIAN','AGUIRRE','BRITO',1);
Insert into ADMINISTRADOR_AULAS.CATALOGO_PROFESORES (ID_PROFESOR,NOMBRE_PROFESOR,AP_PAT_PROFESOR,AP_MAT_PROFESOR,STATUS) values (3,'MARIA CLAUDIA','DELGADO','HERNANDEZ',1);
Insert into ADMINISTRADOR_AULAS.CATALOGO_PROFESORES (ID_PROFESOR,NOMBRE_PROFESOR,AP_PAT_PROFESOR,AP_MAT_PROFESOR,STATUS) values (4,'ALEJANDRO','TORRES','ARELLANO',1);
Insert into ADMINISTRADOR_AULAS.CATALOGO_PROFESORES (ID_PROFESOR,NOMBRE_PROFESOR,AP_PAT_PROFESOR,AP_MAT_PROFESOR,STATUS) values (5,'JUAN','CRUZ','SALDAA',1);
Insert into ADMINISTRADOR_AULAS.CATALOGO_PROFESORES (ID_PROFESOR,NOMBRE_PROFESOR,AP_PAT_PROFESOR,AP_MAT_PROFESOR,STATUS) values (6,'JAIME ','DOMINGUEZ','SALAZAR',1);
Insert into ADMINISTRADOR_AULAS.CATALOGO_PROFESORES (ID_PROFESOR,NOMBRE_PROFESOR,AP_PAT_PROFESOR,AP_MAT_PROFESOR,STATUS) values (7,'IRENE','MORENO','ARTEAGA',1);
Insert into ADMINISTRADOR_AULAS.CATALOGO_PROFESORES (ID_PROFESOR,NOMBRE_PROFESOR,AP_PAT_PROFESOR,AP_MAT_PROFESOR,STATUS) values (8,'JULIETA','RUIZ','JIMENEZ',1);
Insert into ADMINISTRADOR_AULAS.CATALOGO_PROFESORES (ID_PROFESOR,NOMBRE_PROFESOR,AP_PAT_PROFESOR,AP_MAT_PROFESOR,STATUS) values (9,'ERIC','GUTIERREZ','GARCIA',1);
Insert into ADMINISTRADOR_AULAS.CATALOGO_PROFESORES (ID_PROFESOR,NOMBRE_PROFESOR,AP_PAT_PROFESOR,AP_MAT_PROFESOR,STATUS) values (10,'MAURO','SANCHEZ','SANCHEZ',1);
Insert into ADMINISTRADOR_AULAS.CATALOGO_PROFESORES (ID_PROFESOR,NOMBRE_PROFESOR,AP_PAT_PROFESOR,AP_MAT_PROFESOR,STATUS) values (11,'MARIA LUISA','VELAZQUEZ ','SANCHEZ',1);
Insert into ADMINISTRADOR_AULAS.CATALOGO_PROFESORES (ID_PROFESOR,NOMBRE_PROFESOR,AP_PAT_PROFESOR,AP_MAT_PROFESOR,STATUS) values (12,'MARICELA LIZBETH','GONZALEZ','GARDUO',1);
Insert into ADMINISTRADOR_AULAS.CATALOGO_PROFESORES (ID_PROFESOR,NOMBRE_PROFESOR,AP_PAT_PROFESOR,AP_MAT_PROFESOR,STATUS) values (13,'IMELDA','VERTTI','GUZMAN',1);
Insert into ADMINISTRADOR_AULAS.CATALOGO_PROFESORES (ID_PROFESOR,NOMBRE_PROFESOR,AP_PAT_PROFESOR,AP_MAT_PROFESOR,STATUS) values (14,'CARLOS ROBERTO','BACA','GOMEZ',1);
Insert into ADMINISTRADOR_AULAS.CATALOGO_PROFESORES (ID_PROFESOR,NOMBRE_PROFESOR,AP_PAT_PROFESOR,AP_MAT_PROFESOR,STATUS) values (15,'ELSA','ARZATE','HERNANDEZ',1);
Insert into ADMINISTRADOR_AULAS.CATALOGO_PROFESORES (ID_PROFESOR,NOMBRE_PROFESOR,AP_PAT_PROFESOR,AP_MAT_PROFESOR,STATUS) values (16,'CRISPINIANA','AGUIRRE','VALLE',1);
Insert into ADMINISTRADOR_AULAS.CATALOGO_PROFESORES (ID_PROFESOR,NOMBRE_PROFESOR,AP_PAT_PROFESOR,AP_MAT_PROFESOR,STATUS) values (17,'BENJAMIN','LOPEZ','GONZALEZ',1);
Insert into ADMINISTRADOR_AULAS.CATALOGO_PROFESORES (ID_PROFESOR,NOMBRE_PROFESOR,AP_PAT_PROFESOR,AP_MAT_PROFESOR,STATUS) values (18,'RAMON','BERBER','PALAFOX',1);
Insert into ADMINISTRADOR_AULAS.CATALOGO_PROFESORES (ID_PROFESOR,NOMBRE_PROFESOR,AP_PAT_PROFESOR,AP_MAT_PROFESOR,STATUS) values (19,'ROSA ELVIRA','MORENO','RAMIREZ',1);
Insert into ADMINISTRADOR_AULAS.CATALOGO_PROFESORES (ID_PROFESOR,NOMBRE_PROFESOR,AP_PAT_PROFESOR,AP_MAT_PROFESOR,STATUS) values (20,'ARTURO','CAMARGO','SANCHEZ',1);
Insert into ADMINISTRADOR_AULAS.CATALOGO_PROFESORES (ID_PROFESOR,NOMBRE_PROFESOR,AP_PAT_PROFESOR,AP_MAT_PROFESOR,STATUS) values (21,'MARCO ANTONIO','REYES','GONZALEZ',1);
Insert into ADMINISTRADOR_AULAS.CATALOGO_PROFESORES (ID_PROFESOR,NOMBRE_PROFESOR,AP_PAT_PROFESOR,AP_MAT_PROFESOR,STATUS) values (22,'CITLALIH YOLLOHTLIA','GUTIERREZ','ESTRADA',1);
Insert into ADMINISTRADOR_AULAS.CATALOGO_PROFESORES (ID_PROFESOR,NOMBRE_PROFESOR,AP_PAT_PROFESOR,AP_MAT_PROFESOR,STATUS) values (23,'BANY SABEL','HERNANDEZ','CARDONA',1);
Insert into ADMINISTRADOR_AULAS.CATALOGO_PROFESORES (ID_PROFESOR,NOMBRE_PROFESOR,AP_PAT_PROFESOR,AP_MAT_PROFESOR,STATUS) values (24,'JAVIER','GOMEZ','LUGO',1);
Insert into ADMINISTRADOR_AULAS.CATALOGO_PROFESORES (ID_PROFESOR,NOMBRE_PROFESOR,AP_PAT_PROFESOR,AP_MAT_PROFESOR,STATUS) values (25,'ITZEL MARIA','ABUNDEZ','BARRERA',1);
Insert into ADMINISTRADOR_AULAS.CATALOGO_PROFESORES (ID_PROFESOR,NOMBRE_PROFESOR,AP_PAT_PROFESOR,AP_MAT_PROFESOR,STATUS) values (26,'ROBERTO ','LIQUIDANO','RODRIGUEZ',1);
Insert into ADMINISTRADOR_AULAS.CATALOGO_PROFESORES (ID_PROFESOR,NOMBRE_PROFESOR,AP_PAT_PROFESOR,AP_MAT_PROFESOR,STATUS) values (27,'ANA LIDIA','SOSA','ALBARRAN',1);
Insert into ADMINISTRADOR_AULAS.CATALOGO_PROFESORES (ID_PROFESOR,NOMBRE_PROFESOR,AP_PAT_PROFESOR,AP_MAT_PROFESOR,STATUS) values (28,'MARTHA','ESCAMILLA','ZEPEDA',1);
Insert into ADMINISTRADOR_AULAS.CATALOGO_PROFESORES (ID_PROFESOR,NOMBRE_PROFESOR,AP_PAT_PROFESOR,AP_MAT_PROFESOR,STATUS) values (29,'EUGENIO','FALCON','ISUNZA',1);
Insert into ADMINISTRADOR_AULAS.CATALOGO_PROFESORES (ID_PROFESOR,NOMBRE_PROFESOR,AP_PAT_PROFESOR,AP_MAT_PROFESOR,STATUS) values (30,'EDUARDO','GASCA','ALVAREZ',1);
Insert into ADMINISTRADOR_AULAS.CATALOGO_PROFESORES (ID_PROFESOR,NOMBRE_PROFESOR,AP_PAT_PROFESOR,AP_MAT_PROFESOR,STATUS) values (31,'XANATL DONAJI','CASASOLA','CERVERA',1);
Insert into ADMINISTRADOR_AULAS.CATALOGO_PROFESORES (ID_PROFESOR,NOMBRE_PROFESOR,AP_PAT_PROFESOR,AP_MAT_PROFESOR,STATUS) values (32,'ERENDIRA','RENDON','LARA',1);
Insert into ADMINISTRADOR_AULAS.CATALOGO_PROFESORES (ID_PROFESOR,NOMBRE_PROFESOR,AP_PAT_PROFESOR,AP_MAT_PROFESOR,STATUS) values (33,'ALMA LETICIA','MARTINEZ','MORA',1);
Insert into ADMINISTRADOR_AULAS.CATALOGO_PROFESORES (ID_PROFESOR,NOMBRE_PROFESOR,AP_PAT_PROFESOR,AP_MAT_PROFESOR,STATUS) values (34,'MARTHA LETICIA','MARTINEZ','MORA',1);
Insert into ADMINISTRADOR_AULAS.CATALOGO_PROFESORES (ID_PROFESOR,NOMBRE_PROFESOR,AP_PAT_PROFESOR,AP_MAT_PROFESOR,STATUS) values (35,'LUIS ANTONIO','ESTRADA','MANUEL',1);
Insert into ADMINISTRADOR_AULAS.CATALOGO_PROFESORES (ID_PROFESOR,NOMBRE_PROFESOR,AP_PAT_PROFESOR,AP_MAT_PROFESOR,STATUS) values (36,'ANA LUISA','ZENTENO','BONOLA',1);
Insert into ADMINISTRADOR_AULAS.CATALOGO_PROFESORES (ID_PROFESOR,NOMBRE_PROFESOR,AP_PAT_PROFESOR,AP_MAT_PROFESOR,STATUS) values (37,'ALMA PATRICIA','VAZQUEZ','GONZALEZ',1);
Insert into ADMINISTRADOR_AULAS.CATALOGO_PROFESORES (ID_PROFESOR,NOMBRE_PROFESOR,AP_PAT_PROFESOR,AP_MAT_PROFESOR,STATUS) values (38,'IVONNE VIRGINIA','CORTES','GARCIA',1);
Insert into ADMINISTRADOR_AULAS.CATALOGO_PROFESORES (ID_PROFESOR,NOMBRE_PROFESOR,AP_PAT_PROFESOR,AP_MAT_PROFESOR,STATUS) values (39,'JOSE RAFAEL','VERDEJO','RUBIO',1);
Insert into ADMINISTRADOR_AULAS.CATALOGO_PROFESORES (ID_PROFESOR,NOMBRE_PROFESOR,AP_PAT_PROFESOR,AP_MAT_PROFESOR,STATUS) values (40,'ERNESTO ARTURO','BOSQUEZ','MOLINA',1);
Insert into ADMINISTRADOR_AULAS.CATALOGO_PROFESORES (ID_PROFESOR,NOMBRE_PROFESOR,AP_PAT_PROFESOR,AP_MAT_PROFESOR,STATUS) values (41,'VICENTE','VALLEJO','PUERTA',1);
Insert into ADMINISTRADOR_AULAS.CATALOGO_PROFESORES (ID_PROFESOR,NOMBRE_PROFESOR,AP_PAT_PROFESOR,AP_MAT_PROFESOR,STATUS) values (42,'AGUSTIN','OSTRIA','HERNANDEZ',1);
Insert into ADMINISTRADOR_AULAS.CATALOGO_PROFESORES (ID_PROFESOR,NOMBRE_PROFESOR,AP_PAT_PROFESOR,AP_MAT_PROFESOR,STATUS) values (43,'MANUEL','ORELLANA','PEREZ',1);
Insert into ADMINISTRADOR_AULAS.CATALOGO_PROFESORES (ID_PROFESOR,NOMBRE_PROFESOR,AP_PAT_PROFESOR,AP_MAT_PROFESOR,STATUS) values (44,'PEDRO','VALENCIA','PEREZ',1);
Insert into ADMINISTRADOR_AULAS.CATALOGO_PROFESORES (ID_PROFESOR,NOMBRE_PROFESOR,AP_PAT_PROFESOR,AP_MAT_PROFESOR,STATUS) values (45,'YING LEE ARIADNEE','SANCHEZ','YLLESCAS',1);
Insert into ADMINISTRADOR_AULAS.CATALOGO_PROFESORES (ID_PROFESOR,NOMBRE_PROFESOR,AP_PAT_PROFESOR,AP_MAT_PROFESOR,STATUS) values (46,'JULIO CESAR','PINEDA','VALDIVIESO',1);
Insert into ADMINISTRADOR_AULAS.CATALOGO_PROFESORES (ID_PROFESOR,NOMBRE_PROFESOR,AP_PAT_PROFESOR,AP_MAT_PROFESOR,STATUS) values (47,'ALEJANDRO','MEDINA','PALACIOS',1);
Insert into ADMINISTRADOR_AULAS.CATALOGO_PROFESORES (ID_PROFESOR,NOMBRE_PROFESOR,AP_PAT_PROFESOR,AP_MAT_PROFESOR,STATUS) values (48,'MAYRA PATRICIA','GARDUO','GAFFARE',1);
Insert into ADMINISTRADOR_AULAS.CATALOGO_PROFESORES (ID_PROFESOR,NOMBRE_PROFESOR,AP_PAT_PROFESOR,AP_MAT_PROFESOR,STATUS) values (49,'ROBERTO','CANO','ROJAS',1);
Insert into ADMINISTRADOR_AULAS.CATALOGO_PROFESORES (ID_PROFESOR,NOMBRE_PROFESOR,AP_PAT_PROFESOR,AP_MAT_PROFESOR,STATUS) values (50,'YESICA IMEDA','SAAVEDRA','BENITEZ',1);
Insert into ADMINISTRADOR_AULAS.CATALOGO_PROFESORES (ID_PROFESOR,NOMBRE_PROFESOR,AP_PAT_PROFESOR,AP_MAT_PROFESOR,STATUS) values (51,'DOLORES ','APOLINAR','GUZMAN',1);
Insert into ADMINISTRADOR_AULAS.CATALOGO_PROFESORES (ID_PROFESOR,NOMBRE_PROFESOR,AP_PAT_PROFESOR,AP_MAT_PROFESOR,STATUS) values (53,'MARIA LUISA','GOMEZ','SANTAMARINA',1);
REM INSERTING into ADMINISTRADOR_AULAS.CATALOGO_USUARIOS
SET DEFINE OFF;
Insert into ADMINISTRADOR_AULAS.CATALOGO_USUARIOS (ID_USUARIO,NOMBRE,AP_PAT,AP_MAT,NOMBRE_USUARIO,PASSWORD_USUARIO,TIPO,STATUS) values (1,'BENJAMIN','LOPEZ','GONZALEZ','BENJA','aulas',1,1);
REM INSERTING into ADMINISTRADOR_AULAS.HORARIO_AULA
SET DEFINE OFF;
Insert into ADMINISTRADOR_AULAS.HORARIO_AULA (ID_HORARIO,ID_AULA,ID_GRUPO,DIA,HORARIO,TIPO_HORARIO,STATUS) values (130,4,60,'Lunes','7:00 - 8:00','T',1);
Insert into ADMINISTRADOR_AULAS.HORARIO_AULA (ID_HORARIO,ID_AULA,ID_GRUPO,DIA,HORARIO,TIPO_HORARIO,STATUS) values (131,4,95,'Martes','8:00 - 9:00','T',1);
Insert into ADMINISTRADOR_AULAS.HORARIO_AULA (ID_HORARIO,ID_AULA,ID_GRUPO,DIA,HORARIO,TIPO_HORARIO,STATUS) values (132,3,78,'Miercoles','7:00 - 8:00','P',1);
Insert into ADMINISTRADOR_AULAS.HORARIO_AULA (ID_HORARIO,ID_AULA,ID_GRUPO,DIA,HORARIO,TIPO_HORARIO,STATUS) values (133,3,76,'Miercoles','11:00 - 12:00','P',1);
Insert into ADMINISTRADOR_AULAS.HORARIO_AULA (ID_HORARIO,ID_AULA,ID_GRUPO,DIA,HORARIO,TIPO_HORARIO,STATUS) values (134,3,76,'Miercoles','8:00 - 9:00','P',1);
Insert into ADMINISTRADOR_AULAS.HORARIO_AULA (ID_HORARIO,ID_AULA,ID_GRUPO,DIA,HORARIO,TIPO_HORARIO,STATUS) values (135,3,76,'Miercoles','10:00 - 11:00','P',1);
Insert into ADMINISTRADOR_AULAS.HORARIO_AULA (ID_HORARIO,ID_AULA,ID_GRUPO,DIA,HORARIO,TIPO_HORARIO,STATUS) values (136,3,35,'Martes','9:00 - 10:00','P',1);
Insert into ADMINISTRADOR_AULAS.HORARIO_AULA (ID_HORARIO,ID_AULA,ID_GRUPO,DIA,HORARIO,TIPO_HORARIO,STATUS) values (137,3,6,'Lunes','9:00 - 10:00','T',1);
Insert into ADMINISTRADOR_AULAS.HORARIO_AULA (ID_HORARIO,ID_AULA,ID_GRUPO,DIA,HORARIO,TIPO_HORARIO,STATUS) values (138,3,6,'Jueves','9:00 - 10:00','T',1);
Insert into ADMINISTRADOR_AULAS.HORARIO_AULA (ID_HORARIO,ID_AULA,ID_GRUPO,DIA,HORARIO,TIPO_HORARIO,STATUS) values (139,3,8,'Martes','10:00 - 11:00','T',1);
Insert into ADMINISTRADOR_AULAS.HORARIO_AULA (ID_HORARIO,ID_AULA,ID_GRUPO,DIA,HORARIO,TIPO_HORARIO,STATUS) values (140,3,6,'Jueves','10:00 - 11:00','P',1);
Insert into ADMINISTRADOR_AULAS.HORARIO_AULA (ID_HORARIO,ID_AULA,ID_GRUPO,DIA,HORARIO,TIPO_HORARIO,STATUS) values (141,3,8,'Martes','7:00 - 8:00','T',1);
Insert into ADMINISTRADOR_AULAS.HORARIO_AULA (ID_HORARIO,ID_AULA,ID_GRUPO,DIA,HORARIO,TIPO_HORARIO,STATUS) values (142,3,6,'Jueves','7:00 - 8:00','P',1);
Insert into ADMINISTRADOR_AULAS.HORARIO_AULA (ID_HORARIO,ID_AULA,ID_GRUPO,DIA,HORARIO,TIPO_HORARIO,STATUS) values (143,3,6,'Lunes','8:00 - 9:00','P',1);
Insert into ADMINISTRADOR_AULAS.HORARIO_AULA (ID_HORARIO,ID_AULA,ID_GRUPO,DIA,HORARIO,TIPO_HORARIO,STATUS) values (144,3,8,'Lunes','10:00 - 11:00','P',1);
Insert into ADMINISTRADOR_AULAS.HORARIO_AULA (ID_HORARIO,ID_AULA,ID_GRUPO,DIA,HORARIO,TIPO_HORARIO,STATUS) values (145,3,8,'Martes','11:00 - 12:00','P',1);
Insert into ADMINISTRADOR_AULAS.HORARIO_AULA (ID_HORARIO,ID_AULA,ID_GRUPO,DIA,HORARIO,TIPO_HORARIO,STATUS) values (146,3,8,'Jueves','11:00 - 12:00','P',1);
Insert into ADMINISTRADOR_AULAS.HORARIO_AULA (ID_HORARIO,ID_AULA,ID_GRUPO,DIA,HORARIO,TIPO_HORARIO,STATUS) values (147,1,17,'Jueves','10:00 - 11:00','T',1);
Insert into ADMINISTRADOR_AULAS.HORARIO_AULA (ID_HORARIO,ID_AULA,ID_GRUPO,DIA,HORARIO,TIPO_HORARIO,STATUS) values (151,1,52,'Martes','19:00 - 20:00','T',1);
Insert into ADMINISTRADOR_AULAS.HORARIO_AULA (ID_HORARIO,ID_AULA,ID_GRUPO,DIA,HORARIO,TIPO_HORARIO,STATUS) values (149,17,1,'Lunes','7:00 - 8:00','T',1);
Insert into ADMINISTRADOR_AULAS.HORARIO_AULA (ID_HORARIO,ID_AULA,ID_GRUPO,DIA,HORARIO,TIPO_HORARIO,STATUS) values (150,17,1,'Martes','7:00 - 8:00','P',1);
Insert into ADMINISTRADOR_AULAS.HORARIO_AULA (ID_HORARIO,ID_AULA,ID_GRUPO,DIA,HORARIO,TIPO_HORARIO,STATUS) values (160,1,15,'Martes','20:00 - 21:00','T',1);
Insert into ADMINISTRADOR_AULAS.HORARIO_AULA (ID_HORARIO,ID_AULA,ID_GRUPO,DIA,HORARIO,TIPO_HORARIO,STATUS) values (156,1,41,'Miercoles','13:00 - 14:00','T',1);
Insert into ADMINISTRADOR_AULAS.HORARIO_AULA (ID_HORARIO,ID_AULA,ID_GRUPO,DIA,HORARIO,TIPO_HORARIO,STATUS) values (157,1,41,'Lunes','20:00 - 21:00','P',1);
Insert into ADMINISTRADOR_AULAS.HORARIO_AULA (ID_HORARIO,ID_AULA,ID_GRUPO,DIA,HORARIO,TIPO_HORARIO,STATUS) values (162,2,15,'Lunes','10:00 - 11:00','P',1);
Insert into ADMINISTRADOR_AULAS.HORARIO_AULA (ID_HORARIO,ID_AULA,ID_GRUPO,DIA,HORARIO,TIPO_HORARIO,STATUS) values (155,4,21,'Miercoles','9:00 - 10:00','P',1);
Insert into ADMINISTRADOR_AULAS.HORARIO_AULA (ID_HORARIO,ID_AULA,ID_GRUPO,DIA,HORARIO,TIPO_HORARIO,STATUS) values (153,4,51,'Martes','7:00 - 8:00','P',1);
Insert into ADMINISTRADOR_AULAS.HORARIO_AULA (ID_HORARIO,ID_AULA,ID_GRUPO,DIA,HORARIO,TIPO_HORARIO,STATUS) values (154,4,21,'Miercoles','8:00 - 9:00','P',1);
Insert into ADMINISTRADOR_AULAS.HORARIO_AULA (ID_HORARIO,ID_AULA,ID_GRUPO,DIA,HORARIO,TIPO_HORARIO,STATUS) values (3,1,25,'Martes','12:00 - 13:00','P',1);
Insert into ADMINISTRADOR_AULAS.HORARIO_AULA (ID_HORARIO,ID_AULA,ID_GRUPO,DIA,HORARIO,TIPO_HORARIO,STATUS) values (1,1,77,'Lunes','7:00 - 8:00','P',1);
Insert into ADMINISTRADOR_AULAS.HORARIO_AULA (ID_HORARIO,ID_AULA,ID_GRUPO,DIA,HORARIO,TIPO_HORARIO,STATUS) values (6,1,77,'Martes','7:00 - 8:00','P',1);
Insert into ADMINISTRADOR_AULAS.HORARIO_AULA (ID_HORARIO,ID_AULA,ID_GRUPO,DIA,HORARIO,TIPO_HORARIO,STATUS) values (4,1,77,'Miercoles','9:00 - 10:00','P',1);
Insert into ADMINISTRADOR_AULAS.HORARIO_AULA (ID_HORARIO,ID_AULA,ID_GRUPO,DIA,HORARIO,TIPO_HORARIO,STATUS) values (5,1,59,'Miercoles','11:00 - 12:00','P',1);
Insert into ADMINISTRADOR_AULAS.HORARIO_AULA (ID_HORARIO,ID_AULA,ID_GRUPO,DIA,HORARIO,TIPO_HORARIO,STATUS) values (7,1,77,'Martes','9:00 - 10:00','P',1);
Insert into ADMINISTRADOR_AULAS.HORARIO_AULA (ID_HORARIO,ID_AULA,ID_GRUPO,DIA,HORARIO,TIPO_HORARIO,STATUS) values (8,1,78,'Jueves','7:00 - 8:00','T',1);
Insert into ADMINISTRADOR_AULAS.HORARIO_AULA (ID_HORARIO,ID_AULA,ID_GRUPO,DIA,HORARIO,TIPO_HORARIO,STATUS) values (9,1,78,'Jueves','14:00 - 15:00','T',1);
Insert into ADMINISTRADOR_AULAS.HORARIO_AULA (ID_HORARIO,ID_AULA,ID_GRUPO,DIA,HORARIO,TIPO_HORARIO,STATUS) values (10,1,29,'Lunes','16:00 - 17:00','T',1);
Insert into ADMINISTRADOR_AULAS.HORARIO_AULA (ID_HORARIO,ID_AULA,ID_GRUPO,DIA,HORARIO,TIPO_HORARIO,STATUS) values (11,1,50,'Viernes','10:00 - 11:00','T',1);
Insert into ADMINISTRADOR_AULAS.HORARIO_AULA (ID_HORARIO,ID_AULA,ID_GRUPO,DIA,HORARIO,TIPO_HORARIO,STATUS) values (12,6,27,'Lunes','8:00 - 9:00','P',1);
Insert into ADMINISTRADOR_AULAS.HORARIO_AULA (ID_HORARIO,ID_AULA,ID_GRUPO,DIA,HORARIO,TIPO_HORARIO,STATUS) values (152,1,79,'Jueves','19:00 - 20:00','P',1);
Insert into ADMINISTRADOR_AULAS.HORARIO_AULA (ID_HORARIO,ID_AULA,ID_GRUPO,DIA,HORARIO,TIPO_HORARIO,STATUS) values (14,1,78,'Lunes','8:00 - 9:00','P',1);
Insert into ADMINISTRADOR_AULAS.HORARIO_AULA (ID_HORARIO,ID_AULA,ID_GRUPO,DIA,HORARIO,TIPO_HORARIO,STATUS) values (15,1,78,'Martes','8:00 - 9:00','P',1);
Insert into ADMINISTRADOR_AULAS.HORARIO_AULA (ID_HORARIO,ID_AULA,ID_GRUPO,DIA,HORARIO,TIPO_HORARIO,STATUS) values (16,1,25,'Miercoles','7:00 - 8:00','P',1);
Insert into ADMINISTRADOR_AULAS.HORARIO_AULA (ID_HORARIO,ID_AULA,ID_GRUPO,DIA,HORARIO,TIPO_HORARIO,STATUS) values (17,1,25,'Miercoles','8:00 - 9:00','P',1);
Insert into ADMINISTRADOR_AULAS.HORARIO_AULA (ID_HORARIO,ID_AULA,ID_GRUPO,DIA,HORARIO,TIPO_HORARIO,STATUS) values (18,1,27,'Jueves','8:00 - 9:00','P',1);
Insert into ADMINISTRADOR_AULAS.HORARIO_AULA (ID_HORARIO,ID_AULA,ID_GRUPO,DIA,HORARIO,TIPO_HORARIO,STATUS) values (19,1,79,'Jueves','9:00 - 10:00','T',1);
Insert into ADMINISTRADOR_AULAS.HORARIO_AULA (ID_HORARIO,ID_AULA,ID_GRUPO,DIA,HORARIO,TIPO_HORARIO,STATUS) values (20,1,79,'Lunes','9:00 - 10:00','T',1);
Insert into ADMINISTRADOR_AULAS.HORARIO_AULA (ID_HORARIO,ID_AULA,ID_GRUPO,DIA,HORARIO,TIPO_HORARIO,STATUS) values (22,1,74,'Lunes','10:00 - 11:00','T',1);
Insert into ADMINISTRADOR_AULAS.HORARIO_AULA (ID_HORARIO,ID_AULA,ID_GRUPO,DIA,HORARIO,TIPO_HORARIO,STATUS) values (23,1,24,'Miercoles','10:00 - 11:00','T',1);
Insert into ADMINISTRADOR_AULAS.HORARIO_AULA (ID_HORARIO,ID_AULA,ID_GRUPO,DIA,HORARIO,TIPO_HORARIO,STATUS) values (24,1,24,'Martes','11:00 - 12:00','T',1);
Insert into ADMINISTRADOR_AULAS.HORARIO_AULA (ID_HORARIO,ID_AULA,ID_GRUPO,DIA,HORARIO,TIPO_HORARIO,STATUS) values (26,1,79,'Viernes','7:00 - 8:00','P',1);
Insert into ADMINISTRADOR_AULAS.HORARIO_AULA (ID_HORARIO,ID_AULA,ID_GRUPO,DIA,HORARIO,TIPO_HORARIO,STATUS) values (27,1,79,'Viernes','8:00 - 9:00','P',1);
Insert into ADMINISTRADOR_AULAS.HORARIO_AULA (ID_HORARIO,ID_AULA,ID_GRUPO,DIA,HORARIO,TIPO_HORARIO,STATUS) values (28,1,74,'Viernes','9:00 - 10:00','P',1);
Insert into ADMINISTRADOR_AULAS.HORARIO_AULA (ID_HORARIO,ID_AULA,ID_GRUPO,DIA,HORARIO,TIPO_HORARIO,STATUS) values (29,1,74,'Lunes','11:00 - 12:00','P',1);
Insert into ADMINISTRADOR_AULAS.HORARIO_AULA (ID_HORARIO,ID_AULA,ID_GRUPO,DIA,HORARIO,TIPO_HORARIO,STATUS) values (30,1,74,'Jueves','11:00 - 12:00','P',1);
Insert into ADMINISTRADOR_AULAS.HORARIO_AULA (ID_HORARIO,ID_AULA,ID_GRUPO,DIA,HORARIO,TIPO_HORARIO,STATUS) values (31,1,80,'Lunes','12:00 - 13:00','T',1);
Insert into ADMINISTRADOR_AULAS.HORARIO_AULA (ID_HORARIO,ID_AULA,ID_GRUPO,DIA,HORARIO,TIPO_HORARIO,STATUS) values (32,1,80,'Miercoles','12:00 - 13:00','T',1);
Insert into ADMINISTRADOR_AULAS.HORARIO_AULA (ID_HORARIO,ID_AULA,ID_GRUPO,DIA,HORARIO,TIPO_HORARIO,STATUS) values (33,1,75,'Jueves','12:00 - 13:00','T',1);
Insert into ADMINISTRADOR_AULAS.HORARIO_AULA (ID_HORARIO,ID_AULA,ID_GRUPO,DIA,HORARIO,TIPO_HORARIO,STATUS) values (34,1,75,'Viernes','11:00 - 12:00','T',1);
Insert into ADMINISTRADOR_AULAS.HORARIO_AULA (ID_HORARIO,ID_AULA,ID_GRUPO,DIA,HORARIO,TIPO_HORARIO,STATUS) values (35,1,28,'Viernes','12:00 - 13:00','T',1);
Insert into ADMINISTRADOR_AULAS.HORARIO_AULA (ID_HORARIO,ID_AULA,ID_GRUPO,DIA,HORARIO,TIPO_HORARIO,STATUS) values (36,1,50,'Lunes','13:00 - 14:00','T',1);
Insert into ADMINISTRADOR_AULAS.HORARIO_AULA (ID_HORARIO,ID_AULA,ID_GRUPO,DIA,HORARIO,TIPO_HORARIO,STATUS) values (37,1,63,'Martes','13:00 - 14:00','T',1);
Insert into ADMINISTRADOR_AULAS.HORARIO_AULA (ID_HORARIO,ID_AULA,ID_GRUPO,DIA,HORARIO,TIPO_HORARIO,STATUS) values (39,1,80,'Jueves','13:00 - 14:00','P',1);
Insert into ADMINISTRADOR_AULAS.HORARIO_AULA (ID_HORARIO,ID_AULA,ID_GRUPO,DIA,HORARIO,TIPO_HORARIO,STATUS) values (40,1,80,'Viernes','13:00 - 14:00','P',1);
Insert into ADMINISTRADOR_AULAS.HORARIO_AULA (ID_HORARIO,ID_AULA,ID_GRUPO,DIA,HORARIO,TIPO_HORARIO,STATUS) values (41,1,80,'Lunes','14:00 - 15:00','P',1);
Insert into ADMINISTRADOR_AULAS.HORARIO_AULA (ID_HORARIO,ID_AULA,ID_GRUPO,DIA,HORARIO,TIPO_HORARIO,STATUS) values (42,1,75,'Martes','14:00 - 15:00','P',1);
Insert into ADMINISTRADOR_AULAS.HORARIO_AULA (ID_HORARIO,ID_AULA,ID_GRUPO,DIA,HORARIO,TIPO_HORARIO,STATUS) values (43,1,75,'Miercoles','14:00 - 15:00','P',1);
Insert into ADMINISTRADOR_AULAS.HORARIO_AULA (ID_HORARIO,ID_AULA,ID_GRUPO,DIA,HORARIO,TIPO_HORARIO,STATUS) values (44,1,24,'Lunes','15:00 - 16:00','P',1);
Insert into ADMINISTRADOR_AULAS.HORARIO_AULA (ID_HORARIO,ID_AULA,ID_GRUPO,DIA,HORARIO,TIPO_HORARIO,STATUS) values (45,1,35,'Martes','15:00 - 16:00','P',1);
Insert into ADMINISTRADOR_AULAS.HORARIO_AULA (ID_HORARIO,ID_AULA,ID_GRUPO,DIA,HORARIO,TIPO_HORARIO,STATUS) values (46,1,51,'Miercoles','15:00 - 16:00','P',1);
Insert into ADMINISTRADOR_AULAS.HORARIO_AULA (ID_HORARIO,ID_AULA,ID_GRUPO,DIA,HORARIO,TIPO_HORARIO,STATUS) values (47,1,61,'Jueves','15:00 - 16:00','P',1);
Insert into ADMINISTRADOR_AULAS.HORARIO_AULA (ID_HORARIO,ID_AULA,ID_GRUPO,DIA,HORARIO,TIPO_HORARIO,STATUS) values (48,1,35,'Viernes','14:00 - 15:00','P',1);
Insert into ADMINISTRADOR_AULAS.HORARIO_AULA (ID_HORARIO,ID_AULA,ID_GRUPO,DIA,HORARIO,TIPO_HORARIO,STATUS) values (49,1,50,'Lunes','17:00 - 18:00','P',1);
Insert into ADMINISTRADOR_AULAS.HORARIO_AULA (ID_HORARIO,ID_AULA,ID_GRUPO,DIA,HORARIO,TIPO_HORARIO,STATUS) values (50,1,55,'Martes','17:00 - 18:00','P',1);
Insert into ADMINISTRADOR_AULAS.HORARIO_AULA (ID_HORARIO,ID_AULA,ID_GRUPO,DIA,HORARIO,TIPO_HORARIO,STATUS) values (51,1,29,'Martes','16:00 - 17:00','T',1);
Insert into ADMINISTRADOR_AULAS.HORARIO_AULA (ID_HORARIO,ID_AULA,ID_GRUPO,DIA,HORARIO,TIPO_HORARIO,STATUS) values (52,2,81,'Lunes','7:00 - 8:00','T',1);
Insert into ADMINISTRADOR_AULAS.HORARIO_AULA (ID_HORARIO,ID_AULA,ID_GRUPO,DIA,HORARIO,TIPO_HORARIO,STATUS) values (53,2,81,'Lunes','8:00 - 9:00','T',1);
Insert into ADMINISTRADOR_AULAS.HORARIO_AULA (ID_HORARIO,ID_AULA,ID_GRUPO,DIA,HORARIO,TIPO_HORARIO,STATUS) values (54,2,91,'Martes','7:00 - 8:00','T',1);
Insert into ADMINISTRADOR_AULAS.HORARIO_AULA (ID_HORARIO,ID_AULA,ID_GRUPO,DIA,HORARIO,TIPO_HORARIO,STATUS) values (55,2,91,'Martes','8:00 - 9:00','T',1);
Insert into ADMINISTRADOR_AULAS.HORARIO_AULA (ID_HORARIO,ID_AULA,ID_GRUPO,DIA,HORARIO,TIPO_HORARIO,STATUS) values (56,2,61,'Miercoles','7:00 - 8:00','T',1);
Insert into ADMINISTRADOR_AULAS.HORARIO_AULA (ID_HORARIO,ID_AULA,ID_GRUPO,DIA,HORARIO,TIPO_HORARIO,STATUS) values (57,2,26,'Miercoles','8:00 - 9:00','T',1);
Insert into ADMINISTRADOR_AULAS.HORARIO_AULA (ID_HORARIO,ID_AULA,ID_GRUPO,DIA,HORARIO,TIPO_HORARIO,STATUS) values (58,2,51,'Jueves','7:00 - 8:00','T',1);
Insert into ADMINISTRADOR_AULAS.HORARIO_AULA (ID_HORARIO,ID_AULA,ID_GRUPO,DIA,HORARIO,TIPO_HORARIO,STATUS) values (59,2,81,'Miercoles','15:00 - 16:00','P',1);
Insert into ADMINISTRADOR_AULAS.HORARIO_AULA (ID_HORARIO,ID_AULA,ID_GRUPO,DIA,HORARIO,TIPO_HORARIO,STATUS) values (60,2,81,'Martes','13:00 - 14:00','P',1);
Insert into ADMINISTRADOR_AULAS.HORARIO_AULA (ID_HORARIO,ID_AULA,ID_GRUPO,DIA,HORARIO,TIPO_HORARIO,STATUS) values (61,2,81,'Viernes','12:00 - 13:00','P',1);
Insert into ADMINISTRADOR_AULAS.HORARIO_AULA (ID_HORARIO,ID_AULA,ID_GRUPO,DIA,HORARIO,TIPO_HORARIO,STATUS) values (62,2,90,'Jueves','10:00 - 11:00','T',1);
Insert into ADMINISTRADOR_AULAS.HORARIO_AULA (ID_HORARIO,ID_AULA,ID_GRUPO,DIA,HORARIO,TIPO_HORARIO,STATUS) values (63,2,90,'Lunes','16:00 - 17:00','T',1);
Insert into ADMINISTRADOR_AULAS.HORARIO_AULA (ID_HORARIO,ID_AULA,ID_GRUPO,DIA,HORARIO,TIPO_HORARIO,STATUS) values (64,2,84,'Jueves','15:00 - 16:00','T',1);
Insert into ADMINISTRADOR_AULAS.HORARIO_AULA (ID_HORARIO,ID_AULA,ID_GRUPO,DIA,HORARIO,TIPO_HORARIO,STATUS) values (65,2,84,'Miercoles','12:00 - 13:00','T',1);
Insert into ADMINISTRADOR_AULAS.HORARIO_AULA (ID_HORARIO,ID_AULA,ID_GRUPO,DIA,HORARIO,TIPO_HORARIO,STATUS) values (66,2,90,'Viernes','10:00 - 11:00','P',1);
Insert into ADMINISTRADOR_AULAS.HORARIO_AULA (ID_HORARIO,ID_AULA,ID_GRUPO,DIA,HORARIO,TIPO_HORARIO,STATUS) values (67,2,90,'Martes','11:00 - 12:00','P',1);
Insert into ADMINISTRADOR_AULAS.HORARIO_AULA (ID_HORARIO,ID_AULA,ID_GRUPO,DIA,HORARIO,TIPO_HORARIO,STATUS) values (68,2,90,'Miercoles','10:00 - 11:00','P',1);
Insert into ADMINISTRADOR_AULAS.HORARIO_AULA (ID_HORARIO,ID_AULA,ID_GRUPO,DIA,HORARIO,TIPO_HORARIO,STATUS) values (69,2,84,'Lunes','11:00 - 12:00','P',1);
Insert into ADMINISTRADOR_AULAS.HORARIO_AULA (ID_HORARIO,ID_AULA,ID_GRUPO,DIA,HORARIO,TIPO_HORARIO,STATUS) values (70,3,91,'Lunes','7:00 - 8:00','P',1);
Insert into ADMINISTRADOR_AULAS.HORARIO_AULA (ID_HORARIO,ID_AULA,ID_GRUPO,DIA,HORARIO,TIPO_HORARIO,STATUS) values (71,3,91,'Miercoles','9:00 - 10:00','P',1);
Insert into ADMINISTRADOR_AULAS.HORARIO_AULA (ID_HORARIO,ID_AULA,ID_GRUPO,DIA,HORARIO,TIPO_HORARIO,STATUS) values (72,3,91,'Martes','8:00 - 9:00','P',1);
Insert into ADMINISTRADOR_AULAS.HORARIO_AULA (ID_HORARIO,ID_AULA,ID_GRUPO,DIA,HORARIO,TIPO_HORARIO,STATUS) values (73,3,27,'Jueves','8:00 - 9:00','P',1);
Insert into ADMINISTRADOR_AULAS.HORARIO_AULA (ID_HORARIO,ID_AULA,ID_GRUPO,DIA,HORARIO,TIPO_HORARIO,STATUS) values (74,3,60,'Martes','14:00 - 15:00','P',1);
Insert into ADMINISTRADOR_AULAS.HORARIO_AULA (ID_HORARIO,ID_AULA,ID_GRUPO,DIA,HORARIO,TIPO_HORARIO,STATUS) values (75,3,82,'Lunes','11:00 - 12:00','P',1);
Insert into ADMINISTRADOR_AULAS.HORARIO_AULA (ID_HORARIO,ID_AULA,ID_GRUPO,DIA,HORARIO,TIPO_HORARIO,STATUS) values (76,3,1,'Viernes','11:00 - 12:00','P',1);
Insert into ADMINISTRADOR_AULAS.HORARIO_AULA (ID_HORARIO,ID_AULA,ID_GRUPO,DIA,HORARIO,TIPO_HORARIO,STATUS) values (77,5,92,'Lunes','7:00 - 8:00','T',1);
Insert into ADMINISTRADOR_AULAS.HORARIO_AULA (ID_HORARIO,ID_AULA,ID_GRUPO,DIA,HORARIO,TIPO_HORARIO,STATUS) values (78,5,92,'Lunes','8:00 - 9:00','T',1);
Insert into ADMINISTRADOR_AULAS.HORARIO_AULA (ID_HORARIO,ID_AULA,ID_GRUPO,DIA,HORARIO,TIPO_HORARIO,STATUS) values (79,5,54,'Lunes','9:00 - 10:00','T',1);
Insert into ADMINISTRADOR_AULAS.HORARIO_AULA (ID_HORARIO,ID_AULA,ID_GRUPO,DIA,HORARIO,TIPO_HORARIO,STATUS) values (80,5,85,'Lunes','10:00 - 11:00','T',1);
Insert into ADMINISTRADOR_AULAS.HORARIO_AULA (ID_HORARIO,ID_AULA,ID_GRUPO,DIA,HORARIO,TIPO_HORARIO,STATUS) values (81,5,85,'Lunes','12:00 - 13:00','T',1);
Insert into ADMINISTRADOR_AULAS.HORARIO_AULA (ID_HORARIO,ID_AULA,ID_GRUPO,DIA,HORARIO,TIPO_HORARIO,STATUS) values (82,5,86,'Lunes','11:00 - 12:00','T',1);
Insert into ADMINISTRADOR_AULAS.HORARIO_AULA (ID_HORARIO,ID_AULA,ID_GRUPO,DIA,HORARIO,TIPO_HORARIO,STATUS) values (83,5,86,'Lunes','13:00 - 14:00','T',1);
Insert into ADMINISTRADOR_AULAS.HORARIO_AULA (ID_HORARIO,ID_AULA,ID_GRUPO,DIA,HORARIO,TIPO_HORARIO,STATUS) values (84,5,27,'Lunes','14:00 - 15:00','T',1);
Insert into ADMINISTRADOR_AULAS.HORARIO_AULA (ID_HORARIO,ID_AULA,ID_GRUPO,DIA,HORARIO,TIPO_HORARIO,STATUS) values (85,5,34,'Lunes','15:00 - 16:00','T',1);
Insert into ADMINISTRADOR_AULAS.HORARIO_AULA (ID_HORARIO,ID_AULA,ID_GRUPO,DIA,HORARIO,TIPO_HORARIO,STATUS) values (86,5,56,'Lunes','16:00 - 17:00','T',1);
Insert into ADMINISTRADOR_AULAS.HORARIO_AULA (ID_HORARIO,ID_AULA,ID_GRUPO,DIA,HORARIO,TIPO_HORARIO,STATUS) values (87,5,55,'Lunes','17:00 - 18:00','T',1);
Insert into ADMINISTRADOR_AULAS.HORARIO_AULA (ID_HORARIO,ID_AULA,ID_GRUPO,DIA,HORARIO,TIPO_HORARIO,STATUS) values (88,5,68,'Lunes','19:00 - 20:00','T',1);
Insert into ADMINISTRADOR_AULAS.HORARIO_AULA (ID_HORARIO,ID_AULA,ID_GRUPO,DIA,HORARIO,TIPO_HORARIO,STATUS) values (89,5,60,'Lunes','18:00 - 19:00','T',1);
Insert into ADMINISTRADOR_AULAS.HORARIO_AULA (ID_HORARIO,ID_AULA,ID_GRUPO,DIA,HORARIO,TIPO_HORARIO,STATUS) values (90,5,63,'Lunes','20:00 - 21:00','T',1);
Insert into ADMINISTRADOR_AULAS.HORARIO_AULA (ID_HORARIO,ID_AULA,ID_GRUPO,DIA,HORARIO,TIPO_HORARIO,STATUS) values (91,5,59,'Martes','7:00 - 8:00','P',1);
Insert into ADMINISTRADOR_AULAS.HORARIO_AULA (ID_HORARIO,ID_AULA,ID_GRUPO,DIA,HORARIO,TIPO_HORARIO,STATUS) values (92,5,92,'Martes','8:00 - 9:00','P',1);
Insert into ADMINISTRADOR_AULAS.HORARIO_AULA (ID_HORARIO,ID_AULA,ID_GRUPO,DIA,HORARIO,TIPO_HORARIO,STATUS) values (93,5,92,'Martes','9:00 - 10:00','P',1);
Insert into ADMINISTRADOR_AULAS.HORARIO_AULA (ID_HORARIO,ID_AULA,ID_GRUPO,DIA,HORARIO,TIPO_HORARIO,STATUS) values (94,5,92,'Martes','10:00 - 11:00','P',1);
Insert into ADMINISTRADOR_AULAS.HORARIO_AULA (ID_HORARIO,ID_AULA,ID_GRUPO,DIA,HORARIO,TIPO_HORARIO,STATUS) values (95,5,55,'Martes','11:00 - 12:00','P',1);
Insert into ADMINISTRADOR_AULAS.HORARIO_AULA (ID_HORARIO,ID_AULA,ID_GRUPO,DIA,HORARIO,TIPO_HORARIO,STATUS) values (96,5,85,'Martes','12:00 - 13:00','P',1);
Insert into ADMINISTRADOR_AULAS.HORARIO_AULA (ID_HORARIO,ID_AULA,ID_GRUPO,DIA,HORARIO,TIPO_HORARIO,STATUS) values (97,5,85,'Martes','13:00 - 14:00','P',1);
Insert into ADMINISTRADOR_AULAS.HORARIO_AULA (ID_HORARIO,ID_AULA,ID_GRUPO,DIA,HORARIO,TIPO_HORARIO,STATUS) values (98,5,85,'Martes','14:00 - 15:00','P',1);
Insert into ADMINISTRADOR_AULAS.HORARIO_AULA (ID_HORARIO,ID_AULA,ID_GRUPO,DIA,HORARIO,TIPO_HORARIO,STATUS) values (99,5,86,'Martes','15:00 - 16:00','P',1);
Insert into ADMINISTRADOR_AULAS.HORARIO_AULA (ID_HORARIO,ID_AULA,ID_GRUPO,DIA,HORARIO,TIPO_HORARIO,STATUS) values (100,5,86,'Martes','16:00 - 17:00','P',1);
Insert into ADMINISTRADOR_AULAS.HORARIO_AULA (ID_HORARIO,ID_AULA,ID_GRUPO,DIA,HORARIO,TIPO_HORARIO,STATUS) values (101,5,86,'Martes','17:00 - 18:00','P',1);
Insert into ADMINISTRADOR_AULAS.HORARIO_AULA (ID_HORARIO,ID_AULA,ID_GRUPO,DIA,HORARIO,TIPO_HORARIO,STATUS) values (102,5,55,'Martes','18:00 - 19:00','P',1);
Insert into ADMINISTRADOR_AULAS.HORARIO_AULA (ID_HORARIO,ID_AULA,ID_GRUPO,DIA,HORARIO,TIPO_HORARIO,STATUS) values (103,5,29,'Martes','19:00 - 20:00','P',1);
Insert into ADMINISTRADOR_AULAS.HORARIO_AULA (ID_HORARIO,ID_AULA,ID_GRUPO,DIA,HORARIO,TIPO_HORARIO,STATUS) values (104,5,28,'Martes','20:00 - 21:00','P',1);
Insert into ADMINISTRADOR_AULAS.HORARIO_AULA (ID_HORARIO,ID_AULA,ID_GRUPO,DIA,HORARIO,TIPO_HORARIO,STATUS) values (105,5,93,'Miercoles','7:00 - 8:00','T',1);
Insert into ADMINISTRADOR_AULAS.HORARIO_AULA (ID_HORARIO,ID_AULA,ID_GRUPO,DIA,HORARIO,TIPO_HORARIO,STATUS) values (106,5,93,'Miercoles','8:00 - 9:00','T',1);
Insert into ADMINISTRADOR_AULAS.HORARIO_AULA (ID_HORARIO,ID_AULA,ID_GRUPO,DIA,HORARIO,TIPO_HORARIO,STATUS) values (107,5,88,'Miercoles','9:00 - 10:00','T',1);
Insert into ADMINISTRADOR_AULAS.HORARIO_AULA (ID_HORARIO,ID_AULA,ID_GRUPO,DIA,HORARIO,TIPO_HORARIO,STATUS) values (108,5,88,'Miercoles','10:00 - 11:00','T',1);
Insert into ADMINISTRADOR_AULAS.HORARIO_AULA (ID_HORARIO,ID_AULA,ID_GRUPO,DIA,HORARIO,TIPO_HORARIO,STATUS) values (109,5,62,'Miercoles','11:00 - 12:00','T',1);
Insert into ADMINISTRADOR_AULAS.HORARIO_AULA (ID_HORARIO,ID_AULA,ID_GRUPO,DIA,HORARIO,TIPO_HORARIO,STATUS) values (110,5,62,'Miercoles','12:00 - 13:00','T',1);
Insert into ADMINISTRADOR_AULAS.HORARIO_AULA (ID_HORARIO,ID_AULA,ID_GRUPO,DIA,HORARIO,TIPO_HORARIO,STATUS) values (111,5,83,'Miercoles','13:00 - 14:00','P',1);
Insert into ADMINISTRADOR_AULAS.HORARIO_AULA (ID_HORARIO,ID_AULA,ID_GRUPO,DIA,HORARIO,TIPO_HORARIO,STATUS) values (112,5,95,'Jueves','7:00 - 8:00','P',1);
Insert into ADMINISTRADOR_AULAS.HORARIO_AULA (ID_HORARIO,ID_AULA,ID_GRUPO,DIA,HORARIO,TIPO_HORARIO,STATUS) values (113,5,93,'Jueves','8:00 - 9:00','P',1);
Insert into ADMINISTRADOR_AULAS.HORARIO_AULA (ID_HORARIO,ID_AULA,ID_GRUPO,DIA,HORARIO,TIPO_HORARIO,STATUS) values (114,5,93,'Jueves','9:00 - 10:00','P',1);
Insert into ADMINISTRADOR_AULAS.HORARIO_AULA (ID_HORARIO,ID_AULA,ID_GRUPO,DIA,HORARIO,TIPO_HORARIO,STATUS) values (115,5,93,'Jueves','10:00 - 11:00','P',1);
Insert into ADMINISTRADOR_AULAS.HORARIO_AULA (ID_HORARIO,ID_AULA,ID_GRUPO,DIA,HORARIO,TIPO_HORARIO,STATUS) values (116,1,94,'Viernes','15:00 - 16:00','T',1);
Insert into ADMINISTRADOR_AULAS.HORARIO_AULA (ID_HORARIO,ID_AULA,ID_GRUPO,DIA,HORARIO,TIPO_HORARIO,STATUS) values (117,1,94,'Miercoles','16:00 - 17:00','T',1);
Insert into ADMINISTRADOR_AULAS.HORARIO_AULA (ID_HORARIO,ID_AULA,ID_GRUPO,DIA,HORARIO,TIPO_HORARIO,STATUS) values (118,1,55,'Jueves','16:00 - 17:00','T',1);
Insert into ADMINISTRADOR_AULAS.HORARIO_AULA (ID_HORARIO,ID_AULA,ID_GRUPO,DIA,HORARIO,TIPO_HORARIO,STATUS) values (119,1,51,'Viernes','16:00 - 17:00','T',1);
Insert into ADMINISTRADOR_AULAS.HORARIO_AULA (ID_HORARIO,ID_AULA,ID_GRUPO,DIA,HORARIO,TIPO_HORARIO,STATUS) values (120,1,30,'Miercoles','17:00 - 18:00','T',1);
Insert into ADMINISTRADOR_AULAS.HORARIO_AULA (ID_HORARIO,ID_AULA,ID_GRUPO,DIA,HORARIO,TIPO_HORARIO,STATUS) values (121,1,54,'Jueves','17:00 - 18:00','P',1);
Insert into ADMINISTRADOR_AULAS.HORARIO_AULA (ID_HORARIO,ID_AULA,ID_GRUPO,DIA,HORARIO,TIPO_HORARIO,STATUS) values (122,1,94,'Viernes','17:00 - 18:00','P',1);
Insert into ADMINISTRADOR_AULAS.HORARIO_AULA (ID_HORARIO,ID_AULA,ID_GRUPO,DIA,HORARIO,TIPO_HORARIO,STATUS) values (123,1,94,'Lunes','18:00 - 19:00','P',1);
Insert into ADMINISTRADOR_AULAS.HORARIO_AULA (ID_HORARIO,ID_AULA,ID_GRUPO,DIA,HORARIO,TIPO_HORARIO,STATUS) values (124,1,94,'Martes','18:00 - 19:00','P',1);
Insert into ADMINISTRADOR_AULAS.HORARIO_AULA (ID_HORARIO,ID_AULA,ID_GRUPO,DIA,HORARIO,TIPO_HORARIO,STATUS) values (125,1,28,'Miercoles','19:00 - 20:00','T',1);
Insert into ADMINISTRADOR_AULAS.HORARIO_AULA (ID_HORARIO,ID_AULA,ID_GRUPO,DIA,HORARIO,TIPO_HORARIO,STATUS) values (126,1,29,'Miercoles','18:00 - 19:00','P',1);
Insert into ADMINISTRADOR_AULAS.HORARIO_AULA (ID_HORARIO,ID_AULA,ID_GRUPO,DIA,HORARIO,TIPO_HORARIO,STATUS) values (127,1,33,'Jueves','18:00 - 19:00','T',1);
Insert into ADMINISTRADOR_AULAS.HORARIO_AULA (ID_HORARIO,ID_AULA,ID_GRUPO,DIA,HORARIO,TIPO_HORARIO,STATUS) values (128,1,59,'Viernes','18:00 - 19:00','T',1);
Insert into ADMINISTRADOR_AULAS.HORARIO_AULA (ID_HORARIO,ID_AULA,ID_GRUPO,DIA,HORARIO,TIPO_HORARIO,STATUS) values (129,1,59,'Lunes','19:00 - 20:00','P',1);
--------------------------------------------------------
--  DDL for Index PK_USUARIO
--------------------------------------------------------

  CREATE UNIQUE INDEX "ADMINISTRADOR_AULAS"."PK_USUARIO" ON "ADMINISTRADOR_AULAS"."CATALOGO_USUARIOS" ("ID_USUARIO") 
  PCTFREE 10 INITRANS 2 MAXTRANS 255 COMPUTE STATISTICS 
  STORAGE(INITIAL 65536 NEXT 1048576 MINEXTENTS 1 MAXEXTENTS 2147483645
  PCTINCREASE 0 FREELISTS 1 FREELIST GROUPS 1 BUFFER_POOL DEFAULT FLASH_CACHE DEFAULT CELL_FLASH_CACHE DEFAULT)
  TABLESPACE "USERS" ;
--------------------------------------------------------
--  DDL for Index PK_PROFESOR
--------------------------------------------------------

  CREATE UNIQUE INDEX "ADMINISTRADOR_AULAS"."PK_PROFESOR" ON "ADMINISTRADOR_AULAS"."CATALOGO_PROFESORES" ("ID_PROFESOR") 
  PCTFREE 10 INITRANS 2 MAXTRANS 255 COMPUTE STATISTICS 
  STORAGE(INITIAL 65536 NEXT 1048576 MINEXTENTS 1 MAXEXTENTS 2147483645
  PCTINCREASE 0 FREELISTS 1 FREELIST GROUPS 1 BUFFER_POOL DEFAULT FLASH_CACHE DEFAULT CELL_FLASH_CACHE DEFAULT)
  TABLESPACE "USERS" ;
--------------------------------------------------------
--  DDL for Index PK_MATERIA
--------------------------------------------------------

  CREATE UNIQUE INDEX "ADMINISTRADOR_AULAS"."PK_MATERIA" ON "ADMINISTRADOR_AULAS"."CATALOGO_MATERIAS" ("ID_MATERIA") 
  PCTFREE 10 INITRANS 2 MAXTRANS 255 COMPUTE STATISTICS 
  STORAGE(INITIAL 65536 NEXT 1048576 MINEXTENTS 1 MAXEXTENTS 2147483645
  PCTINCREASE 0 FREELISTS 1 FREELIST GROUPS 1 BUFFER_POOL DEFAULT FLASH_CACHE DEFAULT CELL_FLASH_CACHE DEFAULT)
  TABLESPACE "USERS" ;
--------------------------------------------------------
--  DDL for Index PK_HORARIO
--------------------------------------------------------

  CREATE UNIQUE INDEX "ADMINISTRADOR_AULAS"."PK_HORARIO" ON "ADMINISTRADOR_AULAS"."HORARIO_AULA" ("ID_HORARIO") 
  PCTFREE 10 INITRANS 2 MAXTRANS 255 COMPUTE STATISTICS 
  STORAGE(INITIAL 65536 NEXT 1048576 MINEXTENTS 1 MAXEXTENTS 2147483645
  PCTINCREASE 0 FREELISTS 1 FREELIST GROUPS 1 BUFFER_POOL DEFAULT FLASH_CACHE DEFAULT CELL_FLASH_CACHE DEFAULT)
  TABLESPACE "USERS" ;
--------------------------------------------------------
--  DDL for Index PK_CICLO_ESCOLAR
--------------------------------------------------------

  CREATE UNIQUE INDEX "ADMINISTRADOR_AULAS"."PK_CICLO_ESCOLAR" ON "ADMINISTRADOR_AULAS"."CATALOGO_CICLO_ESCOLAR" ("ID_CICLO_ESCOLAR") 
  PCTFREE 10 INITRANS 2 MAXTRANS 255 COMPUTE STATISTICS 
  STORAGE(INITIAL 65536 NEXT 1048576 MINEXTENTS 1 MAXEXTENTS 2147483645
  PCTINCREASE 0 FREELISTS 1 FREELIST GROUPS 1 BUFFER_POOL DEFAULT FLASH_CACHE DEFAULT CELL_FLASH_CACHE DEFAULT)
  TABLESPACE "USERS" ;
--------------------------------------------------------
--  DDL for Index PK_GRUPO
--------------------------------------------------------

  CREATE UNIQUE INDEX "ADMINISTRADOR_AULAS"."PK_GRUPO" ON "ADMINISTRADOR_AULAS"."CATALOGO_GRUPOS" ("ID_GRUPO") 
  PCTFREE 10 INITRANS 2 MAXTRANS 255 COMPUTE STATISTICS 
  STORAGE(INITIAL 65536 NEXT 1048576 MINEXTENTS 1 MAXEXTENTS 2147483645
  PCTINCREASE 0 FREELISTS 1 FREELIST GROUPS 1 BUFFER_POOL DEFAULT FLASH_CACHE DEFAULT CELL_FLASH_CACHE DEFAULT)
  TABLESPACE "USERS" ;
--------------------------------------------------------
--  DDL for Index UQ_USUARIO
--------------------------------------------------------

  CREATE UNIQUE INDEX "ADMINISTRADOR_AULAS"."UQ_USUARIO" ON "ADMINISTRADOR_AULAS"."CATALOGO_USUARIOS" ("NOMBRE_USUARIO") 
  PCTFREE 10 INITRANS 2 MAXTRANS 255 COMPUTE STATISTICS 
  STORAGE(INITIAL 65536 NEXT 1048576 MINEXTENTS 1 MAXEXTENTS 2147483645
  PCTINCREASE 0 FREELISTS 1 FREELIST GROUPS 1 BUFFER_POOL DEFAULT FLASH_CACHE DEFAULT CELL_FLASH_CACHE DEFAULT)
  TABLESPACE "USERS" ;
--------------------------------------------------------
--  DDL for Index UQ_GRUPO
--------------------------------------------------------

  CREATE UNIQUE INDEX "ADMINISTRADOR_AULAS"."UQ_GRUPO" ON "ADMINISTRADOR_AULAS"."CATALOGO_GRUPOS" ("CLAVE_GRUPO") 
  PCTFREE 10 INITRANS 2 MAXTRANS 255 COMPUTE STATISTICS 
  STORAGE(INITIAL 65536 NEXT 1048576 MINEXTENTS 1 MAXEXTENTS 2147483645
  PCTINCREASE 0 FREELISTS 1 FREELIST GROUPS 1 BUFFER_POOL DEFAULT FLASH_CACHE DEFAULT CELL_FLASH_CACHE DEFAULT)
  TABLESPACE "USERS" ;
--------------------------------------------------------
--  DDL for Index PK_AULA
--------------------------------------------------------

  CREATE UNIQUE INDEX "ADMINISTRADOR_AULAS"."PK_AULA" ON "ADMINISTRADOR_AULAS"."CATALOGO_AULAS" ("ID_AULA") 
  PCTFREE 10 INITRANS 2 MAXTRANS 255 COMPUTE STATISTICS 
  STORAGE(INITIAL 65536 NEXT 1048576 MINEXTENTS 1 MAXEXTENTS 2147483645
  PCTINCREASE 0 FREELISTS 1 FREELIST GROUPS 1 BUFFER_POOL DEFAULT FLASH_CACHE DEFAULT CELL_FLASH_CACHE DEFAULT)
  TABLESPACE "USERS" ;
--------------------------------------------------------
--  DDL for Index PK_PLAN
--------------------------------------------------------

  CREATE UNIQUE INDEX "ADMINISTRADOR_AULAS"."PK_PLAN" ON "ADMINISTRADOR_AULAS"."CATALOGO_PLANES" ("ID_PLAN") 
  PCTFREE 10 INITRANS 2 MAXTRANS 255 COMPUTE STATISTICS 
  STORAGE(INITIAL 65536 NEXT 1048576 MINEXTENTS 1 MAXEXTENTS 2147483645
  PCTINCREASE 0 FREELISTS 1 FREELIST GROUPS 1 BUFFER_POOL DEFAULT FLASH_CACHE DEFAULT CELL_FLASH_CACHE DEFAULT)
  TABLESPACE "USERS" ;
--------------------------------------------------------
--  DDL for Index UQ_CARRERA
--------------------------------------------------------

  CREATE UNIQUE INDEX "ADMINISTRADOR_AULAS"."UQ_CARRERA" ON "ADMINISTRADOR_AULAS"."CATALOGO_CARRERAS" ("NOMBRE_CARRERA") 
  PCTFREE 10 INITRANS 2 MAXTRANS 255 COMPUTE STATISTICS 
  STORAGE(INITIAL 65536 NEXT 1048576 MINEXTENTS 1 MAXEXTENTS 2147483645
  PCTINCREASE 0 FREELISTS 1 FREELIST GROUPS 1 BUFFER_POOL DEFAULT FLASH_CACHE DEFAULT CELL_FLASH_CACHE DEFAULT)
  TABLESPACE "USERS" ;
--------------------------------------------------------
--  DDL for Index UQ_PLAN
--------------------------------------------------------

  CREATE UNIQUE INDEX "ADMINISTRADOR_AULAS"."UQ_PLAN" ON "ADMINISTRADOR_AULAS"."CATALOGO_PLANES" ("NOMBRE_PLAN") 
  PCTFREE 10 INITRANS 2 MAXTRANS 255 COMPUTE STATISTICS 
  STORAGE(INITIAL 65536 NEXT 1048576 MINEXTENTS 1 MAXEXTENTS 2147483645
  PCTINCREASE 0 FREELISTS 1 FREELIST GROUPS 1 BUFFER_POOL DEFAULT FLASH_CACHE DEFAULT CELL_FLASH_CACHE DEFAULT)
  TABLESPACE "USERS" ;
--------------------------------------------------------
--  DDL for Index PK_CARRERA
--------------------------------------------------------

  CREATE UNIQUE INDEX "ADMINISTRADOR_AULAS"."PK_CARRERA" ON "ADMINISTRADOR_AULAS"."CATALOGO_CARRERAS" ("ID_CARRERA") 
  PCTFREE 10 INITRANS 2 MAXTRANS 255 COMPUTE STATISTICS 
  STORAGE(INITIAL 65536 NEXT 1048576 MINEXTENTS 1 MAXEXTENTS 2147483645
  PCTINCREASE 0 FREELISTS 1 FREELIST GROUPS 1 BUFFER_POOL DEFAULT FLASH_CACHE DEFAULT CELL_FLASH_CACHE DEFAULT)
  TABLESPACE "USERS" ;
--------------------------------------------------------
--  DDL for Index PK_ESPECIALIDAD
--------------------------------------------------------

  CREATE UNIQUE INDEX "ADMINISTRADOR_AULAS"."PK_ESPECIALIDAD" ON "ADMINISTRADOR_AULAS"."CATALOGO_ESPECIALIDADES" ("ID_ESPECIALIDAD") 
  PCTFREE 10 INITRANS 2 MAXTRANS 255 COMPUTE STATISTICS 
  STORAGE(INITIAL 65536 NEXT 1048576 MINEXTENTS 1 MAXEXTENTS 2147483645
  PCTINCREASE 0 FREELISTS 1 FREELIST GROUPS 1 BUFFER_POOL DEFAULT FLASH_CACHE DEFAULT CELL_FLASH_CACHE DEFAULT)
  TABLESPACE "USERS" ;
--------------------------------------------------------
--  Constraints for Table CATALOGO_USUARIOS
--------------------------------------------------------

  ALTER TABLE "ADMINISTRADOR_AULAS"."CATALOGO_USUARIOS" ADD CONSTRAINT "CK_STATUS_USUARIO" CHECK (status in(0,1)) ENABLE;
 
  ALTER TABLE "ADMINISTRADOR_AULAS"."CATALOGO_USUARIOS" ADD CONSTRAINT "PK_USUARIO" PRIMARY KEY ("ID_USUARIO")
  USING INDEX PCTFREE 10 INITRANS 2 MAXTRANS 255 COMPUTE STATISTICS 
  STORAGE(INITIAL 65536 NEXT 1048576 MINEXTENTS 1 MAXEXTENTS 2147483645
  PCTINCREASE 0 FREELISTS 1 FREELIST GROUPS 1 BUFFER_POOL DEFAULT FLASH_CACHE DEFAULT CELL_FLASH_CACHE DEFAULT)
  TABLESPACE "USERS"  ENABLE;
 
  ALTER TABLE "ADMINISTRADOR_AULAS"."CATALOGO_USUARIOS" MODIFY ("STATUS" NOT NULL ENABLE);
 
  ALTER TABLE "ADMINISTRADOR_AULAS"."CATALOGO_USUARIOS" ADD CONSTRAINT "UQ_USUARIO" UNIQUE ("NOMBRE_USUARIO")
  USING INDEX PCTFREE 10 INITRANS 2 MAXTRANS 255 COMPUTE STATISTICS 
  STORAGE(INITIAL 65536 NEXT 1048576 MINEXTENTS 1 MAXEXTENTS 2147483645
  PCTINCREASE 0 FREELISTS 1 FREELIST GROUPS 1 BUFFER_POOL DEFAULT FLASH_CACHE DEFAULT CELL_FLASH_CACHE DEFAULT)
  TABLESPACE "USERS"  ENABLE;
--------------------------------------------------------
--  Constraints for Table CATALOGO_GRUPOS
--------------------------------------------------------

  ALTER TABLE "ADMINISTRADOR_AULAS"."CATALOGO_GRUPOS" ADD CONSTRAINT "CK_STATUS_GRUPO" CHECK (status in(0,1)) ENABLE;
 
  ALTER TABLE "ADMINISTRADOR_AULAS"."CATALOGO_GRUPOS" ADD CONSTRAINT "PK_GRUPO" PRIMARY KEY ("ID_GRUPO")
  USING INDEX PCTFREE 10 INITRANS 2 MAXTRANS 255 COMPUTE STATISTICS 
  STORAGE(INITIAL 65536 NEXT 1048576 MINEXTENTS 1 MAXEXTENTS 2147483645
  PCTINCREASE 0 FREELISTS 1 FREELIST GROUPS 1 BUFFER_POOL DEFAULT FLASH_CACHE DEFAULT CELL_FLASH_CACHE DEFAULT)
  TABLESPACE "USERS"  ENABLE;
 
  ALTER TABLE "ADMINISTRADOR_AULAS"."CATALOGO_GRUPOS" MODIFY ("ID_MATERIA" NOT NULL ENABLE);
 
  ALTER TABLE "ADMINISTRADOR_AULAS"."CATALOGO_GRUPOS" MODIFY ("ID_PROFESOR" NOT NULL ENABLE);
 
  ALTER TABLE "ADMINISTRADOR_AULAS"."CATALOGO_GRUPOS" MODIFY ("ID_PLAN" NOT NULL ENABLE);
 
  ALTER TABLE "ADMINISTRADOR_AULAS"."CATALOGO_GRUPOS" MODIFY ("ID_CICLO_ESCOLAR" NOT NULL ENABLE);
 
  ALTER TABLE "ADMINISTRADOR_AULAS"."CATALOGO_GRUPOS" MODIFY ("STATUS" NOT NULL ENABLE);
 
  ALTER TABLE "ADMINISTRADOR_AULAS"."CATALOGO_GRUPOS" ADD CONSTRAINT "UQ_GRUPO" UNIQUE ("CLAVE_GRUPO")
  USING INDEX PCTFREE 10 INITRANS 2 MAXTRANS 255 COMPUTE STATISTICS 
  STORAGE(INITIAL 65536 NEXT 1048576 MINEXTENTS 1 MAXEXTENTS 2147483645
  PCTINCREASE 0 FREELISTS 1 FREELIST GROUPS 1 BUFFER_POOL DEFAULT FLASH_CACHE DEFAULT CELL_FLASH_CACHE DEFAULT)
  TABLESPACE "USERS"  ENABLE;
--------------------------------------------------------
--  Constraints for Table CATALOGO_AULAS
--------------------------------------------------------

  ALTER TABLE "ADMINISTRADOR_AULAS"."CATALOGO_AULAS" ADD CONSTRAINT "CK_STATUS_AULA" CHECK (status in(0,1)) ENABLE;
 
  ALTER TABLE "ADMINISTRADOR_AULAS"."CATALOGO_AULAS" ADD CONSTRAINT "PK_AULA" PRIMARY KEY ("ID_AULA")
  USING INDEX PCTFREE 10 INITRANS 2 MAXTRANS 255 COMPUTE STATISTICS 
  STORAGE(INITIAL 65536 NEXT 1048576 MINEXTENTS 1 MAXEXTENTS 2147483645
  PCTINCREASE 0 FREELISTS 1 FREELIST GROUPS 1 BUFFER_POOL DEFAULT FLASH_CACHE DEFAULT CELL_FLASH_CACHE DEFAULT)
  TABLESPACE "USERS"  ENABLE;
 
  ALTER TABLE "ADMINISTRADOR_AULAS"."CATALOGO_AULAS" MODIFY ("ID_CARRERA" NOT NULL ENABLE);
 
  ALTER TABLE "ADMINISTRADOR_AULAS"."CATALOGO_AULAS" MODIFY ("STATUS" NOT NULL ENABLE);
--------------------------------------------------------
--  Constraints for Table CATALOGO_PLANES
--------------------------------------------------------

  ALTER TABLE "ADMINISTRADOR_AULAS"."CATALOGO_PLANES" ADD CONSTRAINT "CK_STATUS_PLAN" CHECK (status in(0,1)) ENABLE;
 
  ALTER TABLE "ADMINISTRADOR_AULAS"."CATALOGO_PLANES" ADD CONSTRAINT "PK_PLAN" PRIMARY KEY ("ID_PLAN")
  USING INDEX PCTFREE 10 INITRANS 2 MAXTRANS 255 COMPUTE STATISTICS 
  STORAGE(INITIAL 65536 NEXT 1048576 MINEXTENTS 1 MAXEXTENTS 2147483645
  PCTINCREASE 0 FREELISTS 1 FREELIST GROUPS 1 BUFFER_POOL DEFAULT FLASH_CACHE DEFAULT CELL_FLASH_CACHE DEFAULT)
  TABLESPACE "USERS"  ENABLE;
 
  ALTER TABLE "ADMINISTRADOR_AULAS"."CATALOGO_PLANES" MODIFY ("STATUS" NOT NULL ENABLE);
 
  ALTER TABLE "ADMINISTRADOR_AULAS"."CATALOGO_PLANES" ADD CONSTRAINT "UQ_PLAN" UNIQUE ("NOMBRE_PLAN")
  USING INDEX PCTFREE 10 INITRANS 2 MAXTRANS 255 COMPUTE STATISTICS 
  STORAGE(INITIAL 65536 NEXT 1048576 MINEXTENTS 1 MAXEXTENTS 2147483645
  PCTINCREASE 0 FREELISTS 1 FREELIST GROUPS 1 BUFFER_POOL DEFAULT FLASH_CACHE DEFAULT CELL_FLASH_CACHE DEFAULT)
  TABLESPACE "USERS"  ENABLE;
--------------------------------------------------------
--  Constraints for Table CATALOGO_PROFESORES
--------------------------------------------------------

  ALTER TABLE "ADMINISTRADOR_AULAS"."CATALOGO_PROFESORES" ADD CONSTRAINT "CK_STATUS_PROFESOR" CHECK (status in(0,1)) ENABLE;
 
  ALTER TABLE "ADMINISTRADOR_AULAS"."CATALOGO_PROFESORES" ADD CONSTRAINT "PK_PROFESOR" PRIMARY KEY ("ID_PROFESOR")
  USING INDEX PCTFREE 10 INITRANS 2 MAXTRANS 255 COMPUTE STATISTICS 
  STORAGE(INITIAL 65536 NEXT 1048576 MINEXTENTS 1 MAXEXTENTS 2147483645
  PCTINCREASE 0 FREELISTS 1 FREELIST GROUPS 1 BUFFER_POOL DEFAULT FLASH_CACHE DEFAULT CELL_FLASH_CACHE DEFAULT)
  TABLESPACE "USERS"  ENABLE;
 
  ALTER TABLE "ADMINISTRADOR_AULAS"."CATALOGO_PROFESORES" MODIFY ("STATUS" NOT NULL ENABLE);
--------------------------------------------------------
--  Constraints for Table CATALOGO_ESPECIALIDADES
--------------------------------------------------------

  ALTER TABLE "ADMINISTRADOR_AULAS"."CATALOGO_ESPECIALIDADES" ADD CONSTRAINT "CK_STATUS_ESPECIALIDAD" CHECK (status in(0,1)) ENABLE;
 
  ALTER TABLE "ADMINISTRADOR_AULAS"."CATALOGO_ESPECIALIDADES" ADD CONSTRAINT "PK_ESPECIALIDAD" PRIMARY KEY ("ID_ESPECIALIDAD")
  USING INDEX PCTFREE 10 INITRANS 2 MAXTRANS 255 COMPUTE STATISTICS 
  STORAGE(INITIAL 65536 NEXT 1048576 MINEXTENTS 1 MAXEXTENTS 2147483645
  PCTINCREASE 0 FREELISTS 1 FREELIST GROUPS 1 BUFFER_POOL DEFAULT FLASH_CACHE DEFAULT CELL_FLASH_CACHE DEFAULT)
  TABLESPACE "USERS"  ENABLE;
 
  ALTER TABLE "ADMINISTRADOR_AULAS"."CATALOGO_ESPECIALIDADES" MODIFY ("ID_CARRERA" NOT NULL ENABLE);
 
  ALTER TABLE "ADMINISTRADOR_AULAS"."CATALOGO_ESPECIALIDADES" MODIFY ("STATUS" NOT NULL ENABLE);
--------------------------------------------------------
--  Constraints for Table HORARIO_AULA
--------------------------------------------------------

  ALTER TABLE "ADMINISTRADOR_AULAS"."HORARIO_AULA" ADD CONSTRAINT "CK_ST_HORARIOS" CHECK (status in(0,1)) ENABLE;
 
  ALTER TABLE "ADMINISTRADOR_AULAS"."HORARIO_AULA" ADD CONSTRAINT "PK_HORARIO" PRIMARY KEY ("ID_HORARIO")
  USING INDEX PCTFREE 10 INITRANS 2 MAXTRANS 255 COMPUTE STATISTICS 
  STORAGE(INITIAL 65536 NEXT 1048576 MINEXTENTS 1 MAXEXTENTS 2147483645
  PCTINCREASE 0 FREELISTS 1 FREELIST GROUPS 1 BUFFER_POOL DEFAULT FLASH_CACHE DEFAULT CELL_FLASH_CACHE DEFAULT)
  TABLESPACE "USERS"  ENABLE;
 
  ALTER TABLE "ADMINISTRADOR_AULAS"."HORARIO_AULA" MODIFY ("STATUS" NOT NULL ENABLE);
--------------------------------------------------------
--  Constraints for Table CATALOGO_MATERIAS
--------------------------------------------------------

  ALTER TABLE "ADMINISTRADOR_AULAS"."CATALOGO_MATERIAS" ADD CONSTRAINT "CK_STATUS_MATERIA" CHECK (status in(0,1)) ENABLE;
 
  ALTER TABLE "ADMINISTRADOR_AULAS"."CATALOGO_MATERIAS" ADD CONSTRAINT "PK_MATERIA" PRIMARY KEY ("ID_MATERIA")
  USING INDEX PCTFREE 10 INITRANS 2 MAXTRANS 255 COMPUTE STATISTICS 
  STORAGE(INITIAL 65536 NEXT 1048576 MINEXTENTS 1 MAXEXTENTS 2147483645
  PCTINCREASE 0 FREELISTS 1 FREELIST GROUPS 1 BUFFER_POOL DEFAULT FLASH_CACHE DEFAULT CELL_FLASH_CACHE DEFAULT)
  TABLESPACE "USERS"  ENABLE;
 
  ALTER TABLE "ADMINISTRADOR_AULAS"."CATALOGO_MATERIAS" MODIFY ("ID_ESPECIALIDAD" NOT NULL ENABLE);
 
  ALTER TABLE "ADMINISTRADOR_AULAS"."CATALOGO_MATERIAS" MODIFY ("STATUS" NOT NULL ENABLE);
--------------------------------------------------------
--  Constraints for Table CATALOGO_CICLO_ESCOLAR
--------------------------------------------------------

  ALTER TABLE "ADMINISTRADOR_AULAS"."CATALOGO_CICLO_ESCOLAR" ADD CONSTRAINT "CK_STATUS_CICLO_ESCOLAR" CHECK (status in(0,1)) ENABLE;
 
  ALTER TABLE "ADMINISTRADOR_AULAS"."CATALOGO_CICLO_ESCOLAR" ADD CONSTRAINT "PK_CICLO_ESCOLAR" PRIMARY KEY ("ID_CICLO_ESCOLAR")
  USING INDEX PCTFREE 10 INITRANS 2 MAXTRANS 255 COMPUTE STATISTICS 
  STORAGE(INITIAL 65536 NEXT 1048576 MINEXTENTS 1 MAXEXTENTS 2147483645
  PCTINCREASE 0 FREELISTS 1 FREELIST GROUPS 1 BUFFER_POOL DEFAULT FLASH_CACHE DEFAULT CELL_FLASH_CACHE DEFAULT)
  TABLESPACE "USERS"  ENABLE;
--------------------------------------------------------
--  Constraints for Table CATALOGO_CARRERAS
--------------------------------------------------------

  ALTER TABLE "ADMINISTRADOR_AULAS"."CATALOGO_CARRERAS" ADD CONSTRAINT "CK_STATUS_CARRERA" CHECK (status in(0,1)) ENABLE;
 
  ALTER TABLE "ADMINISTRADOR_AULAS"."CATALOGO_CARRERAS" ADD CONSTRAINT "PK_CARRERA" PRIMARY KEY ("ID_CARRERA")
  USING INDEX PCTFREE 10 INITRANS 2 MAXTRANS 255 COMPUTE STATISTICS 
  STORAGE(INITIAL 65536 NEXT 1048576 MINEXTENTS 1 MAXEXTENTS 2147483645
  PCTINCREASE 0 FREELISTS 1 FREELIST GROUPS 1 BUFFER_POOL DEFAULT FLASH_CACHE DEFAULT CELL_FLASH_CACHE DEFAULT)
  TABLESPACE "USERS"  ENABLE;
 
  ALTER TABLE "ADMINISTRADOR_AULAS"."CATALOGO_CARRERAS" MODIFY ("ID_USUARIO" NOT NULL ENABLE);
 
  ALTER TABLE "ADMINISTRADOR_AULAS"."CATALOGO_CARRERAS" MODIFY ("STATUS" NOT NULL ENABLE);
 
  ALTER TABLE "ADMINISTRADOR_AULAS"."CATALOGO_CARRERAS" ADD CONSTRAINT "UQ_CARRERA" UNIQUE ("NOMBRE_CARRERA")
  USING INDEX PCTFREE 10 INITRANS 2 MAXTRANS 255 COMPUTE STATISTICS 
  STORAGE(INITIAL 65536 NEXT 1048576 MINEXTENTS 1 MAXEXTENTS 2147483645
  PCTINCREASE 0 FREELISTS 1 FREELIST GROUPS 1 BUFFER_POOL DEFAULT FLASH_CACHE DEFAULT CELL_FLASH_CACHE DEFAULT)
  TABLESPACE "USERS"  ENABLE;
--------------------------------------------------------
--  Ref Constraints for Table CATALOGO_AULAS
--------------------------------------------------------

  ALTER TABLE "ADMINISTRADOR_AULAS"."CATALOGO_AULAS" ADD CONSTRAINT "FK_CARRERA_AULA" FOREIGN KEY ("ID_CARRERA")
	  REFERENCES "ADMINISTRADOR_AULAS"."CATALOGO_CARRERAS" ("ID_CARRERA") ENABLE;
--------------------------------------------------------
--  Ref Constraints for Table CATALOGO_CARRERAS
--------------------------------------------------------

  ALTER TABLE "ADMINISTRADOR_AULAS"."CATALOGO_CARRERAS" ADD CONSTRAINT "FK_USUARIO" FOREIGN KEY ("ID_USUARIO")
	  REFERENCES "ADMINISTRADOR_AULAS"."CATALOGO_USUARIOS" ("ID_USUARIO") ENABLE;
--------------------------------------------------------
--  Ref Constraints for Table CATALOGO_ESPECIALIDADES
--------------------------------------------------------

  ALTER TABLE "ADMINISTRADOR_AULAS"."CATALOGO_ESPECIALIDADES" ADD CONSTRAINT "FK_CARRERA" FOREIGN KEY ("ID_CARRERA")
	  REFERENCES "ADMINISTRADOR_AULAS"."CATALOGO_CARRERAS" ("ID_CARRERA") ENABLE;
--------------------------------------------------------
--  Ref Constraints for Table CATALOGO_GRUPOS
--------------------------------------------------------

  ALTER TABLE "ADMINISTRADOR_AULAS"."CATALOGO_GRUPOS" ADD CONSTRAINT "FK_CICLO_ESCOLAR" FOREIGN KEY ("ID_CICLO_ESCOLAR")
	  REFERENCES "ADMINISTRADOR_AULAS"."CATALOGO_CICLO_ESCOLAR" ("ID_CICLO_ESCOLAR") ENABLE;
 
  ALTER TABLE "ADMINISTRADOR_AULAS"."CATALOGO_GRUPOS" ADD CONSTRAINT "FK_MATERIA" FOREIGN KEY ("ID_MATERIA")
	  REFERENCES "ADMINISTRADOR_AULAS"."CATALOGO_MATERIAS" ("ID_MATERIA") ENABLE;
 
  ALTER TABLE "ADMINISTRADOR_AULAS"."CATALOGO_GRUPOS" ADD CONSTRAINT "FK_PLAN" FOREIGN KEY ("ID_PLAN")
	  REFERENCES "ADMINISTRADOR_AULAS"."CATALOGO_PLANES" ("ID_PLAN") ENABLE;
 
  ALTER TABLE "ADMINISTRADOR_AULAS"."CATALOGO_GRUPOS" ADD CONSTRAINT "FK_PROFESOR" FOREIGN KEY ("ID_PROFESOR")
	  REFERENCES "ADMINISTRADOR_AULAS"."CATALOGO_PROFESORES" ("ID_PROFESOR") ENABLE;
--------------------------------------------------------
--  Ref Constraints for Table CATALOGO_MATERIAS
--------------------------------------------------------

  ALTER TABLE "ADMINISTRADOR_AULAS"."CATALOGO_MATERIAS" ADD CONSTRAINT "FK_ESPECIALIDAD" FOREIGN KEY ("ID_ESPECIALIDAD")
	  REFERENCES "ADMINISTRADOR_AULAS"."CATALOGO_ESPECIALIDADES" ("ID_ESPECIALIDAD") ENABLE;
--------------------------------------------------------
--  Ref Constraints for Table HORARIO_AULA
--------------------------------------------------------

  ALTER TABLE "ADMINISTRADOR_AULAS"."HORARIO_AULA" ADD CONSTRAINT "FK_AULA" FOREIGN KEY ("ID_AULA")
	  REFERENCES "ADMINISTRADOR_AULAS"."CATALOGO_AULAS" ("ID_AULA") ENABLE;
 
  ALTER TABLE "ADMINISTRADOR_AULAS"."HORARIO_AULA" ADD CONSTRAINT "FK_GRUPO" FOREIGN KEY ("ID_GRUPO")
	  REFERENCES "ADMINISTRADOR_AULAS"."CATALOGO_GRUPOS" ("ID_GRUPO") ENABLE;
--------------------------------------------------------
--  DDL for Function F_INCREMENTO10
--------------------------------------------------------

  CREATE OR REPLACE FUNCTION "ADMINISTRADOR_AULAS"."F_INCREMENTO10" (avalor number)
  return number
 is
 begin 
   return avalor+(avalor*0.1);
 end

/
